﻿"Data Source","World Development Indicators",

"Last Updated Date","2025-07-01",

"Country Name","Country Code","Indicator Name","Indicator Code","1960","1961","1962","1963","1964","1965","1966","1967","1968","1969","1970","1971","1972","1973","1974","1975","1976","1977","1978","1979","1980","1981","1982","1983","1984","1985","1986","1987","1988","1989","1990","1991","1992","1993","1994","1995","1996","1997","1998","1999","2000","2001","2002","2003","2004","2005","2006","2007","2008","2009","2010","2011","2012","2013","2014","2015","2016","2017","2018","2019","2020","2021","2022","2023","2024",
"Aruba","ABW","Internally displaced persons, new displacement associated with conflict and violence (number of cases)","VC.IDP.NWCV","","","","","","","","","","","","","","","","","","","","","","","","","","","","","","","","","","","","","","","","","","","","","","","","","","","","","","","","","","","","","","","","","",
"Africa Eastern and Southern","AFE","Internally displaced persons, new displacement associated with conflict and violence (number of cases)","VC.IDP.NWCV","","","","","","","","","","","","","","","","","","","","","","","","","","","","","","","","","","","","","","","","","","","","","","","","","","","","","","","","","","","","3267230","","9468814","","11610190","",
"Afghanistan","AFG","Internally displaced persons, new displacement associated with conflict and violence (number of cases)","VC.IDP.NWCV","","","","","","","","","","","","","","","","","","","","","","","","","","","","","","","","","","","","","","","","","","","","","","","","","","","102000","186000","100000","124000","156000","335000","653000","474000","372000","461000","404000","723000","32000","","",
"Africa Western and Central","AFW","Internally displaced persons, new displacement associated with conflict and violence (number of cases)","VC.IDP.NWCV","","","","","","","","","","","","","","","","","","","","","","","","","","","","","","","","","","","","","","","","","","","","","","","","","","","","","","","","","864000","1278900","1742200","1326802","1632000","2077700","1361300","1846180","",
"Angola","AGO","Internally displaced persons, new displacement associated with conflict and violence (number of cases)","VC.IDP.NWCV","","","","","","","","","","","","","","","","","","","","","","","","","","","","","","","","","","","","","","","","","","","","","","","","","","","","","","","","","","","","","","","","","",
"Albania","ALB","Internally displaced persons, new displacement associated with conflict and violence (number of cases)","VC.IDP.NWCV","","","","","","","","","","","","","","","","","","","","","","","","","","","","","","","","","","","","","","","","","","","","","","","","","","","","","","","","","","","","","","","","","",
"Andorra","AND","Internally displaced persons, new displacement associated with conflict and violence (number of cases)","VC.IDP.NWCV","","","","","","","","","","","","","","","","","","","","","","","","","","","","","","","","","","","","","","","","","","","","","","","","","","","","","","","","","","","","","","","","","",
"Arab World","ARB","Internally displaced persons, new displacement associated with conflict and violence (number of cases)","VC.IDP.NWCV","","","","","","","","","","","","","","","","","","","","","","","","","","","","","","","","","","","","","","","","","","","","","","","","","","","","","","","","","","","","","","","","","",
"United Arab Emirates","ARE","Internally displaced persons, new displacement associated with conflict and violence (number of cases)","VC.IDP.NWCV","","","","","","","","","","","","","","","","","","","","","","","","","","","","","","","","","","","","","","","","","","","","","","","","","","","","","","","","","","","","","","","","","",
"Argentina","ARG","Internally displaced persons, new displacement associated with conflict and violence (number of cases)","VC.IDP.NWCV","","","","","","","","","","","","","","","","","","","","","","","","","","","","","","","","","","","","","","","","","","","","","","","","","","","","","","","","","","","","","","","","","",
"Armenia","ARM","Internally displaced persons, new displacement associated with conflict and violence (number of cases)","VC.IDP.NWCV","","","","","","","","","","","","","","","","","","","","","","","","","","","","","","","","","","","","","","","","","","","","","","","","","","","","","","","","","","","","","800","","7600","","",
"American Samoa","ASM","Internally displaced persons, new displacement associated with conflict and violence (number of cases)","VC.IDP.NWCV","","","","","","","","","","","","","","","","","","","","","","","","","","","","","","","","","","","","","","","","","","","","","","","","","","","","","","","","","","","","","","","","","",
"Antigua and Barbuda","ATG","Internally displaced persons, new displacement associated with conflict and violence (number of cases)","VC.IDP.NWCV","","","","","","","","","","","","","","","","","","","","","","","","","","","","","","","","","","","","","","","","","","","","","","","","","","","","","","","","","","","","","","","","","",
"Australia","AUS","Internally displaced persons, new displacement associated with conflict and violence (number of cases)","VC.IDP.NWCV","","","","","","","","","","","","","","","","","","","","","","","","","","","","","","","","","","","","","","","","","","","","","","","","","","","","","","","","","","","","","","","","","",
"Austria","AUT","Internally displaced persons, new displacement associated with conflict and violence (number of cases)","VC.IDP.NWCV","","","","","","","","","","","","","","","","","","","","","","","","","","","","","","","","","","","","","","","","","","","","","","","","","","","","","","","","","","","","","","","","","",
"Azerbaijan","AZE","Internally displaced persons, new displacement associated with conflict and violence (number of cases)","VC.IDP.NWCV","","","","","","","","","","","","","","","","","","","","","","","","","","","","","","","","","","","","","","","","","","","","","","","","","","","","","","","","","","","","","84000","","","5100","",
"Burundi","BDI","Internally displaced persons, new displacement associated with conflict and violence (number of cases)","VC.IDP.NWCV","","","","","","","","","","","","","","","","","","","","","","","","","","","","","","","","","","","","","","","","","","","","","","","","","","","","","","","","23000","16000","14000","5100","530","310","94","600","230","",
"Belgium","BEL","Internally displaced persons, new displacement associated with conflict and violence (number of cases)","VC.IDP.NWCV","","","","","","","","","","","","","","","","","","","","","","","","","","","","","","","","","","","","","","","","","","","","","","","","","","","","","","","","","","","","","","","","","",
"Benin","BEN","Internally displaced persons, new displacement associated with conflict and violence (number of cases)","VC.IDP.NWCV","","","","","","","","","","","","","","","","","","","","","","","","","","","","","","","","","","","","","","","","","","","","","","","","","","","","","","","","","","","3500","","","","1200","6500","",
"Burkina Faso","BFA","Internally displaced persons, new displacement associated with conflict and violence (number of cases)","VC.IDP.NWCV","","","","","","","","","","","","","","","","","","","","","","","","","","","","","","","","","","","","","","","","","","","","","","","","","","","","","","","","","700","4900","42000","513000","515000","682000","438000","707000","",
"Bangladesh","BGD","Internally displaced persons, new displacement associated with conflict and violence (number of cases)","VC.IDP.NWCV","","","","","","","","","","","","","","","","","","","","","","","","","","","","","","","","","","","","","","","","","","","","","","","","","","5000","3500","600","5000","","","","","6000","300","29","210","150","120","","",
"Bulgaria","BGR","Internally displaced persons, new displacement associated with conflict and violence (number of cases)","VC.IDP.NWCV","","","","","","","","","","","","","","","","","","","","","","","","","","","","","","","","","","","","","","","","","","","","","","","","","","","","","","","","","","","","","","","","","",
"Bahrain","BHR","Internally displaced persons, new displacement associated with conflict and violence (number of cases)","VC.IDP.NWCV","","","","","","","","","","","","","","","","","","","","","","","","","","","","","","","","","","","","","","","","","","","","","","","","","","","","","","","","","","","","","","","","","",
"Bahamas, The","BHS","Internally displaced persons, new displacement associated with conflict and violence (number of cases)","VC.IDP.NWCV","","","","","","","","","","","","","","","","","","","","","","","","","","","","","","","","","","","","","","","","","","","","","","","","","","","","","","","","","","","","","","","","","",
"Bosnia and Herzegovina","BIH","Internally displaced persons, new displacement associated with conflict and violence (number of cases)","VC.IDP.NWCV","","","","","","","","","","","","","","","","","","","","","","","","","","","","","","","","","","","","","","","","","","","","","","","","","","","","","","","","","","","","","","","","","",
"Belarus","BLR","Internally displaced persons, new displacement associated with conflict and violence (number of cases)","VC.IDP.NWCV","","","","","","","","","","","","","","","","","","","","","","","","","","","","","","","","","","","","","","","","","","","","","","","","","","","","","","","","","","","","","","","","","",
"Belize","BLZ","Internally displaced persons, new displacement associated with conflict and violence (number of cases)","VC.IDP.NWCV","","","","","","","","","","","","","","","","","","","","","","","","","","","","","","","","","","","","","","","","","","","","","","","","","","","","","","","","","","","","","","","","","",
"Bermuda","BMU","Internally displaced persons, new displacement associated with conflict and violence (number of cases)","VC.IDP.NWCV","","","","","","","","","","","","","","","","","","","","","","","","","","","","","","","","","","","","","","","","","","","","","","","","","","","","","","","","","","","","","","","","","",
"Bolivia","BOL","Internally displaced persons, new displacement associated with conflict and violence (number of cases)","VC.IDP.NWCV","","","","","","","","","","","","","","","","","","","","","","","","","","","","","","","","","","","","","","","","","","","","","","","","","","","","","","","","","","","","31","","","","","",
"Brazil","BRA","Internally displaced persons, new displacement associated with conflict and violence (number of cases)","VC.IDP.NWCV","","","","","","","","","","","","","","","","","","","","","","","","","","","","","","","","","","","","","","","","","","","","","","","","","","","","","","","","","","","","","","21000","5600","16000","",
"Barbados","BRB","Internally displaced persons, new displacement associated with conflict and violence (number of cases)","VC.IDP.NWCV","","","","","","","","","","","","","","","","","","","","","","","","","","","","","","","","","","","","","","","","","","","","","","","","","","","","","","","","","","","","","","","","","",
"Brunei Darussalam","BRN","Internally displaced persons, new displacement associated with conflict and violence (number of cases)","VC.IDP.NWCV","","","","","","","","","","","","","","","","","","","","","","","","","","","","","","","","","","","","","","","","","","","","","","","","","","","","","","","","","","","","","","","","","",
"Bhutan","BTN","Internally displaced persons, new displacement associated with conflict and violence (number of cases)","VC.IDP.NWCV","","","","","","","","","","","","","","","","","","","","","","","","","","","","","","","","","","","","","","","","","","","","","","","","","","","","","","","","","","","","","","","","","",
"Botswana","BWA","Internally displaced persons, new displacement associated with conflict and violence (number of cases)","VC.IDP.NWCV","","","","","","","","","","","","","","","","","","","","","","","","","","","","","","","","","","","","","","","","","","","","","","","","","","","","","","","","","","","","","","","","","",
"Central African Republic","CAF","Internally displaced persons, new displacement associated with conflict and violence (number of cases)","VC.IDP.NWCV","","","","","","","","","","","","","","","","","","","","","","","","","","","","","","","","","","","","","","","","","","","","","","","","","","15000","24000","22000","106000","935000","173000","210000","46000","539000","510000","96000","318000","487000","290000","214000","",
"Canada","CAN","Internally displaced persons, new displacement associated with conflict and violence (number of cases)","VC.IDP.NWCV","","","","","","","","","","","","","","","","","","","","","","","","","","","","","","","","","","","","","","","","","","","","","","","","","","","","","","","","","","","","","","","","","",
"Central Europe and the Baltics","CEB","Internally displaced persons, new displacement associated with conflict and violence (number of cases)","VC.IDP.NWCV","","","","","","","","","","","","","","","","","","","","","","","","","","","","","","","","","","","","","","","","","","","","","","","","","","","","","","","","","","","","","","","","","",
"Switzerland","CHE","Internally displaced persons, new displacement associated with conflict and violence (number of cases)","VC.IDP.NWCV","","","","","","","","","","","","","","","","","","","","","","","","","","","","","","","","","","","","","","","","","","","","","","","","","","","","","","","","","","","","","","","","","",
"Channel Islands","CHI","Internally displaced persons, new displacement associated with conflict and violence (number of cases)","VC.IDP.NWCV","","","","","","","","","","","","","","","","","","","","","","","","","","","","","","","","","","","","","","","","","","","","","","","","","","","","","","","","","","","","","","","","","",
"Chile","CHL","Internally displaced persons, new displacement associated with conflict and violence (number of cases)","VC.IDP.NWCV","","","","","","","","","","","","","","","","","","","","","","","","","","","","","","","","","","","","","","","","","","","","","","","","","","","","","","","","","","","","","","","","","",
"China","CHN","Internally displaced persons, new displacement associated with conflict and violence (number of cases)","VC.IDP.NWCV","","","","","","","","","","","","","","","","","","","","","","","","","","","","","","","","","","","","","","","","","","","","","","","","","","","","","","","","","","","","","","","","","",
"Cote d'Ivoire","CIV","Internally displaced persons, new displacement associated with conflict and violence (number of cases)","VC.IDP.NWCV","","","","","","","","","","","","","","","","","","","","","","","","","","","","","","","","","","","","","","","","","","","","","","","","","","500","2700","1000000","24000","30000","5500","3200","","5500","700","300","15000","","","","",
"Cameroon","CMR","Internally displaced persons, new displacement associated with conflict and violence (number of cases)","VC.IDP.NWCV","","","","","","","","","","","","","","","","","","","","","","","","","","","","","","","","","","","","","","","","","","","","","","","","","","","","","","","40000","71000","83000","119000","459000","67000","123000","131000","139000","164000","",
"Congo, Dem. Rep.","COD","Internally displaced persons, new displacement associated with conflict and violence (number of cases)","VC.IDP.NWCV","","","","","","","","","","","","","","","","","","","","","","","","","","","","","","","","","","","","","","","","","","","","","","","","","","1000000","400000","168000","1000000","1000000","1003000","621000","922000","2166000","1840000","1672000","2209000","2712000","4004000","3772000","",
"Congo, Rep.","COG","Internally displaced persons, new displacement associated with conflict and violence (number of cases)","VC.IDP.NWCV","","","","","","","","","","","","","","","","","","","","","","","","","","","","","","","","","","","","","","","","","","","","","","","","","","","","","","","","","25000","86000","","2","","","","","",
"Colombia","COL","Internally displaced persons, new displacement associated with conflict and violence (number of cases)","VC.IDP.NWCV","","","","","","","","","","","","","","","","","","","","","","","","","","","","","","","","","","","","","","","","","","","","","","","","","","286000","280000","103000","230000","157000","137000","224000","171000","139000","145000","139000","106000","134000","339000","293000","",
"Comoros","COM","Internally displaced persons, new displacement associated with conflict and violence (number of cases)","VC.IDP.NWCV","","","","","","","","","","","","","","","","","","","","","","","","","","","","","","","","","","","","","","","","","","","","","","","","","","","","","","","","","","","","","","","","","",
"Cabo Verde","CPV","Internally displaced persons, new displacement associated with conflict and violence (number of cases)","VC.IDP.NWCV","","","","","","","","","","","","","","","","","","","","","","","","","","","","","","","","","","","","","","","","","","","","","","","","","","","","","","","","","","","","","","","","","",
"Costa Rica","CRI","Internally displaced persons, new displacement associated with conflict and violence (number of cases)","VC.IDP.NWCV","","","","","","","","","","","","","","","","","","","","","","","","","","","","","","","","","","","","","","","","","","","","","","","","","","","","","","","","","","","","","","","","","",
"Caribbean small states","CSS","Internally displaced persons, new displacement associated with conflict and violence (number of cases)","VC.IDP.NWCV","","","","","","","","","","","","","","","","","","","","","","","","","","","","","","","","","","","","","","","","","","","","","","","","","","","","","","","","","","","","","","","","","",
"Cuba","CUB","Internally displaced persons, new displacement associated with conflict and violence (number of cases)","VC.IDP.NWCV","","","","","","","","","","","","","","","","","","","","","","","","","","","","","","","","","","","","","","","","","","","","","","","","","","","","","","","","","","","","","","","","","",
"Curacao","CUW","Internally displaced persons, new displacement associated with conflict and violence (number of cases)","VC.IDP.NWCV","","","","","","","","","","","","","","","","","","","","","","","","","","","","","","","","","","","","","","","","","","","","","","","","","","","","","","","","","","","","","","","","","",
"Cayman Islands","CYM","Internally displaced persons, new displacement associated with conflict and violence (number of cases)","VC.IDP.NWCV","","","","","","","","","","","","","","","","","","","","","","","","","","","","","","","","","","","","","","","","","","","","","","","","","","","","","","","","","","","","","","","","","",
"Cyprus","CYP","Internally displaced persons, new displacement associated with conflict and violence (number of cases)","VC.IDP.NWCV","","","","","","","","","","","","","","","","","","","","","","","","","","","","","","","","","","","","","","","","","","","","","","","","","","","","","","","","","","","","","","","","","",
"Czechia","CZE","Internally displaced persons, new displacement associated with conflict and violence (number of cases)","VC.IDP.NWCV","","","","","","","","","","","","","","","","","","","","","","","","","","","","","","","","","","","","","","","","","","","","","","","","","","","","","","","","","","","","","","","","","",
"Germany","DEU","Internally displaced persons, new displacement associated with conflict and violence (number of cases)","VC.IDP.NWCV","","","","","","","","","","","","","","","","","","","","","","","","","","","","","","","","","","","","","","","","","","","","","","","","","","","","","","","","","","","","","","","","","",
"Djibouti","DJI","Internally displaced persons, new displacement associated with conflict and violence (number of cases)","VC.IDP.NWCV","","","","","","","","","","","","","","","","","","","","","","","","","","","","","","","","","","","","","","","","","","","","","","","","","","","","","","","","","","","","","","","","","",
"Dominica","DMA","Internally displaced persons, new displacement associated with conflict and violence (number of cases)","VC.IDP.NWCV","","","","","","","","","","","","","","","","","","","","","","","","","","","","","","","","","","","","","","","","","","","","","","","","","","","","","","","","","","","","","","","","","",
"Denmark","DNK","Internally displaced persons, new displacement associated with conflict and violence (number of cases)","VC.IDP.NWCV","","","","","","","","","","","","","","","","","","","","","","","","","","","","","","","","","","","","","","","","","","","","","","","","","","","","","","","","","","","","","","","","","",
"Dominican Republic","DOM","Internally displaced persons, new displacement associated with conflict and violence (number of cases)","VC.IDP.NWCV","","","","","","","","","","","","","","","","","","","","","","","","","","","","","","","","","","","","","","","","","","","","","","","","","","","","","","","","","","","","","","","","","",
"Algeria","DZA","Internally displaced persons, new displacement associated with conflict and violence (number of cases)","VC.IDP.NWCV","","","","","","","","","","","","","","","","","","","","","","","","","","","","","","","","","","","","","","","","","","","","","","","","","","","","","","","","","2800","","","","","","","","",
"East Asia & Pacific (excluding high income)","EAP","Internally displaced persons, new displacement associated with conflict and violence (number of cases)","VC.IDP.NWCV","","","","","","","","","","","","","","","","","","","","","","","","","","","","","","","","","","","","","","","","","","","","","","","","","","","","","","","","","","","","","","","","","",
"Early-demographic dividend","EAR","Internally displaced persons, new displacement associated with conflict and violence (number of cases)","VC.IDP.NWCV","","","","","","","","","","","","","","","","","","","","","","","","","","","","","","","","","","","","","","","","","","","","","","","","","","3983500","983500","1312180","3810480","4308100","3779300","4121290","4316090","5011302","5552460","4301299","4022547","6975050","3868625","6551960","",
"East Asia & Pacific","EAS","Internally displaced persons, new displacement associated with conflict and violence (number of cases)","VC.IDP.NWCV","","","","","","","","","","","","","","","","","","","","","","","","","","","","","","","","","","","","","","","","","","","","","","","","","","","","","","","","","","","","","","","","","",
"Europe & Central Asia (excluding high income)","ECA","Internally displaced persons, new displacement associated with conflict and violence (number of cases)","VC.IDP.NWCV","","","","","","","","","","","","","","","","","","","","","","","","","","","","","","","","","","","","","","","","","","","","","","","","","","","","","","","","","","","","","","","","","",
"Europe & Central Asia","ECS","Internally displaced persons, new displacement associated with conflict and violence (number of cases)","VC.IDP.NWCV","","","","","","","","","","","","","","","","","","","","","","","","","","","","","","","","","","","","","","","","","","","","","","","","","","","","","","","","","","","","","","","","","",
"Ecuador","ECU","Internally displaced persons, new displacement associated with conflict and violence (number of cases)","VC.IDP.NWCV","","","","","","","","","","","","","","","","","","","","","","","","","","","","","","","","","","","","","","","","","","","","","","","","","","","","","","","","","","","420","","","","","","",
"Egypt, Arab Rep.","EGY","Internally displaced persons, new displacement associated with conflict and violence (number of cases)","VC.IDP.NWCV","","","","","","","","","","","","","","","","","","","","","","","","","","","","","","","","","","","","","","","","","","","","","","","","","","","","","","","4700","8400","","1800","15000","4","1000","","","","",
"Euro area","EMU","Internally displaced persons, new displacement associated with conflict and violence (number of cases)","VC.IDP.NWCV","","","","","","","","","","","","","","","","","","","","","","","","","","","","","","","","","","","","","","","","","","","","","","","","","","","","","","","","","","","","","","","","","",
"Eritrea","ERI","Internally displaced persons, new displacement associated with conflict and violence (number of cases)","VC.IDP.NWCV","","","","","","","","","","","","","","","","","","","","","","","","","","","","","","","","","","","","","","","","","","","","","","","","","","","","","","","","","","","","","","","","","",
"Spain","ESP","Internally displaced persons, new displacement associated with conflict and violence (number of cases)","VC.IDP.NWCV","","","","","","","","","","","","","","","","","","","","","","","","","","","","","","","","","","","","","","","","","","","","","","","","","","","","","","","","","","","","","","","","","",
"Estonia","EST","Internally displaced persons, new displacement associated with conflict and violence (number of cases)","VC.IDP.NWCV","","","","","","","","","","","","","","","","","","","","","","","","","","","","","","","","","","","","","","","","","","","","","","","","","","","","","","","","","","","","","","","","","",
"Ethiopia","ETH","Internally displaced persons, new displacement associated with conflict and violence (number of cases)","VC.IDP.NWCV","","","","","","","","","","","","","","","","","","","","","","","","","","","","","","","","","","","","","","","","","","","","","","","","","","200000","","50000","","179000","137000","56000","296000","725000","2895000","1052000","1692000","5142000","2032000","794000","",
"European Union","EUU","Internally displaced persons, new displacement associated with conflict and violence (number of cases)","VC.IDP.NWCV","","","","","","","","","","","","","","","","","","","","","","","","","","","","","","","","","","","","","","","","","","","","","","","","","","","","","","","","","","","","","","","","","",
"Fragile and conflict affected situations","FCS","Internally displaced persons, new displacement associated with conflict and violence (number of cases)","VC.IDP.NWCV","","","","","","","","","","","","","","","","","","","","","","","","","","","","","","","","","","","","","","","","","","","","","","","","","","","","1945100","","7351100","9328500","8219740","6903000","10307730","9961390","7692792","9307284","13747695","27496760","19540930","",
"Finland","FIN","Internally displaced persons, new displacement associated with conflict and violence (number of cases)","VC.IDP.NWCV","","","","","","","","","","","","","","","","","","","","","","","","","","","","","","","","","","","","","","","","","","","","","","","","","","","","","","","","","","","","","","","","","",
"Fiji","FJI","Internally displaced persons, new displacement associated with conflict and violence (number of cases)","VC.IDP.NWCV","","","","","","","","","","","","","","","","","","","","","","","","","","","","","","","","","","","","","","","","","","","","","","","","","","","","","","","","","","","","","","","","","",
"France","FRA","Internally displaced persons, new displacement associated with conflict and violence (number of cases)","VC.IDP.NWCV","","","","","","","","","","","","","","","","","","","","","","","","","","","","","","","","","","","","","","","","","","","","","","","","","","","","","","","","","","","","","","","","","",
"Faroe Islands","FRO","Internally displaced persons, new displacement associated with conflict and violence (number of cases)","VC.IDP.NWCV","","","","","","","","","","","","","","","","","","","","","","","","","","","","","","","","","","","","","","","","","","","","","","","","","","","","","","","","","","","","","","","","","",
"Micronesia, Fed. Sts.","FSM","Internally displaced persons, new displacement associated with conflict and violence (number of cases)","VC.IDP.NWCV","","","","","","","","","","","","","","","","","","","","","","","","","","","","","","","","","","","","","","","","","","","","","","","","","","","","","","","","","","","","","","","","","",
"Gabon","GAB","Internally displaced persons, new displacement associated with conflict and violence (number of cases)","VC.IDP.NWCV","","","","","","","","","","","","","","","","","","","","","","","","","","","","","","","","","","","","","","","","","","","","","","","","","","","","","","","","","","","","","","","","","",
"United Kingdom","GBR","Internally displaced persons, new displacement associated with conflict and violence (number of cases)","VC.IDP.NWCV","","","","","","","","","","","","","","","","","","","","","","","","","","","","","","","","","","","","","","","","","","","","","","","","","","","","","","","","","","","","","","","","","",
"Georgia","GEO","Internally displaced persons, new displacement associated with conflict and violence (number of cases)","VC.IDP.NWCV","","","","","","","","","","","","","","","","","","","","","","","","","","","","","","","","","","","","","","","","","","","","","","","","","","","","","","","","","","","","","","","","","",
"Ghana","GHA","Internally displaced persons, new displacement associated with conflict and violence (number of cases)","VC.IDP.NWCV","","","","","","","","","","","","","","","","","","","","","","","","","","","","","","","","","","","","","","","","","","","","","","","","","","","","","","","","","","","5000","2000","","","","680","",
"Gibraltar","GIB","Internally displaced persons, new displacement associated with conflict and violence (number of cases)","VC.IDP.NWCV","","","","","","","","","","","","","","","","","","","","","","","","","","","","","","","","","","","","","","","","","","","","","","","","","","","","","","","","","","","","","","","","","",
"Guinea","GIN","Internally displaced persons, new displacement associated with conflict and violence (number of cases)","VC.IDP.NWCV","","","","","","","","","","","","","","","","","","","","","","","","","","","","","","","","","","","","","","","","","","","","","","","","","","","","","","","","","","","","","","","","","",
"Gambia, The","GMB","Internally displaced persons, new displacement associated with conflict and violence (number of cases)","VC.IDP.NWCV","","","","","","","","","","","","","","","","","","","","","","","","","","","","","","","","","","","","","","","","","","","","","","","","","","","","","","","","","","162000","","","","700","7800","","",
"Guinea-Bissau","GNB","Internally displaced persons, new displacement associated with conflict and violence (number of cases)","VC.IDP.NWCV","","","","","","","","","","","","","","","","","","","","","","","","","","","","","","","","","","","","","","","","","","","","","","","","","","","","","","","","","","","","","","","","","",
"Equatorial Guinea","GNQ","Internally displaced persons, new displacement associated with conflict and violence (number of cases)","VC.IDP.NWCV","","","","","","","","","","","","","","","","","","","","","","","","","","","","","","","","","","","","","","","","","","","","","","","","","","","","","","","","","","","","","","","","","",
"Greece","GRC","Internally displaced persons, new displacement associated with conflict and violence (number of cases)","VC.IDP.NWCV","","","","","","","","","","","","","","","","","","","","","","","","","","","","","","","","","","","","","","","","","","","","","","","","","","","","","","","","","","","","","","","","","",
"Grenada","GRD","Internally displaced persons, new displacement associated with conflict and violence (number of cases)","VC.IDP.NWCV","","","","","","","","","","","","","","","","","","","","","","","","","","","","","","","","","","","","","","","","","","","","","","","","","","","","","","","","","","","","","","","","","",
"Greenland","GRL","Internally displaced persons, new displacement associated with conflict and violence (number of cases)","VC.IDP.NWCV","","","","","","","","","","","","","","","","","","","","","","","","","","","","","","","","","","","","","","","","","","","","","","","","","","","","","","","","","","","","","","","","","",
"Guatemala","GTM","Internally displaced persons, new displacement associated with conflict and violence (number of cases)","VC.IDP.NWCV","","","","","","","","","","","","","","","","","","","","","","","","","","","","","","","","","","","","","","","","","","","","","","","","","","","","","","","1400","","6200","1200","","","","130","5","580","",
"Guam","GUM","Internally displaced persons, new displacement associated with conflict and violence (number of cases)","VC.IDP.NWCV","","","","","","","","","","","","","","","","","","","","","","","","","","","","","","","","","","","","","","","","","","","","","","","","","","","","","","","","","","","","","","","","","",
"Guyana","GUY","Internally displaced persons, new displacement associated with conflict and violence (number of cases)","VC.IDP.NWCV","","","","","","","","","","","","","","","","","","","","","","","","","","","","","","","","","","","","","","","","","","","","","","","","","","","","","","","","","","","","","","","","","",
"High income","HIC","Internally displaced persons, new displacement associated with conflict and violence (number of cases)","VC.IDP.NWCV","","","","","","","","","","","","","","","","","","","","","","","","","","","","","","","","","","","","","","","","","","","","","","","","","","","","","","","","","","","","","","","","","",
"Hong Kong SAR, China","HKG","Internally displaced persons, new displacement associated with conflict and violence (number of cases)","VC.IDP.NWCV","","","","","","","","","","","","","","","","","","","","","","","","","","","","","","","","","","","","","","","","","","","","","","","","","","","","","","","","","","","","","","","","","",
"Honduras","HND","Internally displaced persons, new displacement associated with conflict and violence (number of cases)","VC.IDP.NWCV","","","","","","","","","","","","","","","","","","","","","","","","","","","","","","","","","","","","","","","","","","","","","","","","","","","","","","","","","16000","","950","","","550","260","5100","",
"Heavily indebted poor countries (HIPC)","HPC","Internally displaced persons, new displacement associated with conflict and violence (number of cases)","VC.IDP.NWCV","","","","","","","","","","","","","","","","","","","","","","","","","","","","","","","","","","","","","","","","","","","","","","","","","","","","","","","","","","","6947750","4546063","6740366","11479944","8608160","","",
"Croatia","HRV","Internally displaced persons, new displacement associated with conflict and violence (number of cases)","VC.IDP.NWCV","","","","","","","","","","","","","","","","","","","","","","","","","","","","","","","","","","","","","","","","","","","","","","","","","","","","","","","","","","","","","","","","","",
"Haiti","HTI","Internally displaced persons, new displacement associated with conflict and violence (number of cases)","VC.IDP.NWCV","","","","","","","","","","","","","","","","","","","","","","","","","","","","","","","","","","","","","","","","","","","","","","","","","","","","","","","","","","","","2100","7900","20000","106000","245000","",
"Hungary","HUN","Internally displaced persons, new displacement associated with conflict and violence (number of cases)","VC.IDP.NWCV","","","","","","","","","","","","","","","","","","","","","","","","","","","","","","","","","","","","","","","","","","","","","","","","","","","","","","","","","","","","","","","","","",
"IBRD only","IBD","Internally displaced persons, new displacement associated with conflict and violence (number of cases)","VC.IDP.NWCV","","","","","","","","","","","","","","","","","","","","","","","","","","","","","","","","","","","","","","","","","","","","","","","","","","","","","","","","","","","","","","","","","",
"IDA & IBRD total","IBT","Internally displaced persons, new displacement associated with conflict and violence (number of cases)","VC.IDP.NWCV","","","","","","","","","","","","","","","","","","","","","","","","","","","","","","","","","","","","","","","","","","","","","","","","","","","","","","","","","","","","","","","","","",
"IDA total","IDA","Internally displaced persons, new displacement associated with conflict and violence (number of cases)","VC.IDP.NWCV","","","","","","","","","","","","","","","","","","","","","","","","","","","","","","","","","","","","","","","","","","","","","","","","","","","","","","","","","","9157332","9765850","7398631","9219886","","10787960","15262930","",
"IDA blend","IDB","Internally displaced persons, new displacement associated with conflict and violence (number of cases)","VC.IDP.NWCV","","","","","","","","","","","","","","","","","","","","","","","","","","","","","","","","","","","","","","","","","","","","","","","","","","3020600","407700","1306000","617280","695000","2150800","","611690","591500","1012400","333402","311060","","362680","467500","",
"Indonesia","IDN","Internally displaced persons, new displacement associated with conflict and violence (number of cases)","VC.IDP.NWCV","","","","","","","","","","","","","","","","","","","","","","","","","","","","","","","","","","","","","","","","","","","","","","","","","","500","35000","15000","5000","3000","800","150","","2700","4500","23000","4600","27000","7100","2200","",
"IDA only","IDX","Internally displaced persons, new displacement associated with conflict and violence (number of cases)","VC.IDP.NWCV","","","","","","","","","","","","","","","","","","","","","","","","","","","","","","","","","","","","","","","","","","","","","","","","","","","","","","","","","","8565832","8753450","7065229","8908826","13121094","10425280","","",
"Isle of Man","IMN","Internally displaced persons, new displacement associated with conflict and violence (number of cases)","VC.IDP.NWCV","","","","","","","","","","","","","","","","","","","","","","","","","","","","","","","","","","","","","","","","","","","","","","","","","","","","","","","","","","","","","","","","","",
"India","IND","Internally displaced persons, new displacement associated with conflict and violence (number of cases)","VC.IDP.NWCV","","","","","","","","","","","","","","","","","","","","","","","","","","","","","","","","","","","","","","","","","","","","","","","","","","33000","106000","53000","500000","64000","345000","1000","448000","78000","169000","12000","3900","13000","1000","67000","",
"Not classified","INX","Internally displaced persons, new displacement associated with conflict and violence (number of cases)","VC.IDP.NWCV","","","","","","","","","","","","","","","","","","","","","","","","","","","","","","","","","","","","","","","","","","","","","","","","","","","","","","","","","","","","","","","","","",
"Ireland","IRL","Internally displaced persons, new displacement associated with conflict and violence (number of cases)","VC.IDP.NWCV","","","","","","","","","","","","","","","","","","","","","","","","","","","","","","","","","","","","","","","","","","","","","","","","","","","","","","","","","","","","","","","","","",
"Iran, Islamic Rep.","IRN","Internally displaced persons, new displacement associated with conflict and violence (number of cases)","VC.IDP.NWCV","","","","","","","","","","","","","","","","","","","","","","","","","","","","","","","","","","","","","","","","","","","","","","","","","","","","","","","","","","","","","","","","","",
"Iraq","IRQ","Internally displaced persons, new displacement associated with conflict and violence (number of cases)","VC.IDP.NWCV","","","","","","","","","","","","","","","","","","","","","","","","","","","","","","","","","","","","","","","","","","","","","","","","","","","","8000","","12000","2177000","1114000","659000","1379000","150000","104000","67000","57000","32000","21000","",
"Iceland","ISL","Internally displaced persons, new displacement associated with conflict and violence (number of cases)","VC.IDP.NWCV","","","","","","","","","","","","","","","","","","","","","","","","","","","","","","","","","","","","","","","","","","","","","","","","","","","","","","","","","","","","","","","","","",
"Israel","ISR","Internally displaced persons, new displacement associated with conflict and violence (number of cases)","VC.IDP.NWCV","","","","","","","","","","","","","","","","","","","","","","","","","","","","","","","","","","","","","","","","","","","","","","","","","","","","480","","","10000","","1800","2900","2100","2300","3000","3200","1100","203000","",
"Italy","ITA","Internally displaced persons, new displacement associated with conflict and violence (number of cases)","VC.IDP.NWCV","","","","","","","","","","","","","","","","","","","","","","","","","","","","","","","","","","","","","","","","","","","","","","","","","","","","","","","","","","","","","","","","","",
"Jamaica","JAM","Internally displaced persons, new displacement associated with conflict and violence (number of cases)","VC.IDP.NWCV","","","","","","","","","","","","","","","","","","","","","","","","","","","","","","","","","","","","","","","","","","","","","","","","","","","","","","","","","","","","","","","","","",
"Jordan","JOR","Internally displaced persons, new displacement associated with conflict and violence (number of cases)","VC.IDP.NWCV","","","","","","","","","","","","","","","","","","","","","","","","","","","","","","","","","","","","","","","","","","","","","","","","","","","","","","","","","","","","","","","","","",
"Japan","JPN","Internally displaced persons, new displacement associated with conflict and violence (number of cases)","VC.IDP.NWCV","","","","","","","","","","","","","","","","","","","","","","","","","","","","","","","","","","","","","","","","","","","","","","","","","","","","","","","","","","","","","","","","","",
"Kazakhstan","KAZ","Internally displaced persons, new displacement associated with conflict and violence (number of cases)","VC.IDP.NWCV","","","","","","","","","","","","","","","","","","","","","","","","","","","","","","","","","","","","","","","","","","","","","","","","","","","","","","","","","","","","","","","120","","",
"Kenya","KEN","Internally displaced persons, new displacement associated with conflict and violence (number of cases)","VC.IDP.NWCV","","","","","","","","","","","","","","","","","","","","","","","","","","","","","","","","","","","","","","","","","","","","","","","","","","","","50000","118000","55000","220000","","","27000","10000","1800","3900","4600","15000","7700","",
"Kyrgyz Republic","KGZ","Internally displaced persons, new displacement associated with conflict and violence (number of cases)","VC.IDP.NWCV","","","","","","","","","","","","","","","","","","","","","","","","","","","","","","","","","","","","","","","","","","","","","","","","","","","300000","","","","","","","","","770","250","46000","166000","","",
"Cambodia","KHM","Internally displaced persons, new displacement associated with conflict and violence (number of cases)","VC.IDP.NWCV","","","","","","","","","","","","","","","","","","","","","","","","","","","","","","","","","","","","","","","","","","","","","","","","","","","","","","","","","","","","","","","","","",
"Kiribati","KIR","Internally displaced persons, new displacement associated with conflict and violence (number of cases)","VC.IDP.NWCV","","","","","","","","","","","","","","","","","","","","","","","","","","","","","","","","","","","","","","","","","","","","","","","","","","","","","","","","","","","","","","","","","",
"St. Kitts and Nevis","KNA","Internally displaced persons, new displacement associated with conflict and violence (number of cases)","VC.IDP.NWCV","","","","","","","","","","","","","","","","","","","","","","","","","","","","","","","","","","","","","","","","","","","","","","","","","","","","","","","","","","","","","","","","","",
"Korea, Rep.","KOR","Internally displaced persons, new displacement associated with conflict and violence (number of cases)","VC.IDP.NWCV","","","","","","","","","","","","","","","","","","","","","","","","","","","","","","","","","","","","","","","","","","","","","","","","","","","","","","","","","","","","","","","","","",
"Kuwait","KWT","Internally displaced persons, new displacement associated with conflict and violence (number of cases)","VC.IDP.NWCV","","","","","","","","","","","","","","","","","","","","","","","","","","","","","","","","","","","","","","","","","","","","","","","","","","","","","","","","","","","","","","","","","",
"Latin America & Caribbean (excluding high income)","LAC","Internally displaced persons, new displacement associated with conflict and violence (number of cases)","VC.IDP.NWCV","","","","","","","","","","","","","","","","","","","","","","","","","","","","","","","","","","","","","","","","","","","","","","","","","","","","","","","","","","","","","","379680","533065","636960","",
"Lao PDR","LAO","Internally displaced persons, new displacement associated with conflict and violence (number of cases)","VC.IDP.NWCV","","","","","","","","","","","","","","","","","","","","","","","","","","","","","","","","","","","","","","","","","","","","","","","","","","","4400","","","","","","","","","","","","","","",
"Lebanon","LBN","Internally displaced persons, new displacement associated with conflict and violence (number of cases)","VC.IDP.NWCV","","","","","","","","","","","","","","","","","","","","","","","","","","","","","","","","","","","","","","","","","","","","","","","","","","","","","","","","3000","110","200","","","","61","","139000","",
"Liberia","LBR","Internally displaced persons, new displacement associated with conflict and violence (number of cases)","VC.IDP.NWCV","","","","","","","","","","","","","","","","","","","","","","","","","","","","","","","","","","","","","","","","","","","","","","","","","","","","","","10000","","","","","","","","","","","",
"Libya","LBY","Internally displaced persons, new displacement associated with conflict and violence (number of cases)","VC.IDP.NWCV","","","","","","","","","","","","","","","","","","","","","","","","","","","","","","","","","","","","","","","","","","","","","","","","","","","","498000","","","341000","100000","156000","29000","70000","215000","39000","","360","1700","",
"St. Lucia","LCA","Internally displaced persons, new displacement associated with conflict and violence (number of cases)","VC.IDP.NWCV","","","","","","","","","","","","","","","","","","","","","","","","","","","","","","","","","","","","","","","","","","","","","","","","","","","","","","","","","","","","","","","","","",
"Latin America & Caribbean","LCN","Internally displaced persons, new displacement associated with conflict and violence (number of cases)","VC.IDP.NWCV","","","","","","","","","","","","","","","","","","","","","","","","","","","","","","","","","","","","","","","","","","","","","","","","","","","","","","","","","","","","","","379680","533065","636960","",
"Least developed countries: UN classification","LDC","Internally displaced persons, new displacement associated with conflict and violence (number of cases)","VC.IDP.NWCV","","","","","","","","","","","","","","","","","","","","","","","","","","","","","","","","","","","","","","","","","","","","","","","","","","","","","","","","","","5654832","7097400","5213759","7086499","12603544","10088020","","",
"Low income","LIC","Internally displaced persons, new displacement associated with conflict and violence (number of cases)","VC.IDP.NWCV","","","","","","","","","","","","","","","","","","","","","","","","","","","","","","","","","","","","","","","","","","","","","","","","","","","","","","","","","5063000","7777830","5805600","5926630","7138389","7448394","7113700","12445870","",
"Liechtenstein","LIE","Internally displaced persons, new displacement associated with conflict and violence (number of cases)","VC.IDP.NWCV","","","","","","","","","","","","","","","","","","","","","","","","","","","","","","","","","","","","","","","","","","","","","","","","","","","","","","","","","","","","","","","","","",
"Sri Lanka","LKA","Internally displaced persons, new displacement associated with conflict and violence (number of cases)","VC.IDP.NWCV","","","","","","","","","","","","","","","","","","","","","","","","","","","","","","","","","","","","","","","","","","","","","","","","","","280000","","","","","","","","","1100","1700","","","","","",
"Lower middle income","LMC","Internally displaced persons, new displacement associated with conflict and violence (number of cases)","VC.IDP.NWCV","","","","","","","","","","","","","","","","","","","","","","","","","","","","","","","","","","","","","","","","","","","","","","","","","","3919600","969200","1507700","1478450","1141100","3131700","","1389400","1380202","1437740","616536","506397","1322861","1768060","5827060","",
"Low & middle income","LMY","Internally displaced persons, new displacement associated with conflict and violence (number of cases)","VC.IDP.NWCV","","","","","","","","","","","","","","","","","","","","","","","","","","","","","","","","","","","","","","","","","","","","","","","","","","","","","","","","","","","","","","","","","",
"Lesotho","LSO","Internally displaced persons, new displacement associated with conflict and violence (number of cases)","VC.IDP.NWCV","","","","","","","","","","","","","","","","","","","","","","","","","","","","","","","","","","","","","","","","","","","","","","","","","","","","","","","","","","","","","","","","","",
"Late-demographic dividend","LTE","Internally displaced persons, new displacement associated with conflict and violence (number of cases)","VC.IDP.NWCV","","","","","","","","","","","","","","","","","","","","","","","","","","","","","","","","","","","","","","","","","","","","","","","","","","","","","","","","","","","","","","","","","",
"Lithuania","LTU","Internally displaced persons, new displacement associated with conflict and violence (number of cases)","VC.IDP.NWCV","","","","","","","","","","","","","","","","","","","","","","","","","","","","","","","","","","","","","","","","","","","","","","","","","","","","","","","","","","","","","","","","","",
"Luxembourg","LUX","Internally displaced persons, new displacement associated with conflict and violence (number of cases)","VC.IDP.NWCV","","","","","","","","","","","","","","","","","","","","","","","","","","","","","","","","","","","","","","","","","","","","","","","","","","","","","","","","","","","","","","","","","",
"Latvia","LVA","Internally displaced persons, new displacement associated with conflict and violence (number of cases)","VC.IDP.NWCV","","","","","","","","","","","","","","","","","","","","","","","","","","","","","","","","","","","","","","","","","","","","","","","","","","","","","","","","","","","","","","","","","",
"Macao SAR, China","MAC","Internally displaced persons, new displacement associated with conflict and violence (number of cases)","VC.IDP.NWCV","","","","","","","","","","","","","","","","","","","","","","","","","","","","","","","","","","","","","","","","","","","","","","","","","","","","","","","","","","","","","","","","","",
"St. Martin (French part)","MAF","Internally displaced persons, new displacement associated with conflict and violence (number of cases)","VC.IDP.NWCV","","","","","","","","","","","","","","","","","","","","","","","","","","","","","","","","","","","","","","","","","","","","","","","","","","","","","","","","","","","","","","","","","",
"Morocco","MAR","Internally displaced persons, new displacement associated with conflict and violence (number of cases)","VC.IDP.NWCV","","","","","","","","","","","","","","","","","","","","","","","","","","","","","","","","","","","","","","","","","","","","","","","","","","","","","","","","","","","","","","","","","",
"Monaco","MCO","Internally displaced persons, new displacement associated with conflict and violence (number of cases)","VC.IDP.NWCV","","","","","","","","","","","","","","","","","","","","","","","","","","","","","","","","","","","","","","","","","","","","","","","","","","","","","","","","","","","","","","","","","",
"Moldova","MDA","Internally displaced persons, new displacement associated with conflict and violence (number of cases)","VC.IDP.NWCV","","","","","","","","","","","","","","","","","","","","","","","","","","","","","","","","","","","","","","","","","","","","","","","","","","","","","","","","","","","","","","","","","",
"Madagascar","MDG","Internally displaced persons, new displacement associated with conflict and violence (number of cases)","VC.IDP.NWCV","","","","","","","","","","","","","","","","","","","","","","","","","","","","","","","","","","","","","","","","","","","","","","","","","","","","","","","","","","","1700","","","1300","","","",
"Maldives","MDV","Internally displaced persons, new displacement associated with conflict and violence (number of cases)","VC.IDP.NWCV","","","","","","","","","","","","","","","","","","","","","","","","","","","","","","","","","","","","","","","","","","","","","","","","","","","","","","","","","","","","","","","","","",
"Middle East, North Africa, Afghanistan & Pakistan","MEA","Internally displaced persons, new displacement associated with conflict and violence (number of cases)","VC.IDP.NWCV","","","","","","","","","","","","","","","","","","","","","","","","","","","","","","","","","","","","","","","","","","","","","","","","","","","","","","","","","","5033600","","","","","","","",
"Mexico","MEX","Internally displaced persons, new displacement associated with conflict and violence (number of cases)","VC.IDP.NWCV","","","","","","","","","","","","","","","","","","","","","","","","","","","","","","","","","","","","","","","","","","","","","","","","","","","115000","26000","","20000","9000","6000","23000","20000","11000","8700","9700","29000","9200","11000","",
"Marshall Islands","MHL","Internally displaced persons, new displacement associated with conflict and violence (number of cases)","VC.IDP.NWCV","","","","","","","","","","","","","","","","","","","","","","","","","","","","","","","","","","","","","","","","","","","","","","","","","","","","","","","","","","","","","","","","","",
"Middle income","MIC","Internally displaced persons, new displacement associated with conflict and violence (number of cases)","VC.IDP.NWCV","","","","","","","","","","","","","","","","","","","","","","","","","","","","","","","","","","","","","","","","","","","","","","","","","","","","","","","","","","","","","","","","","",
"North Macedonia","MKD","Internally displaced persons, new displacement associated with conflict and violence (number of cases)","VC.IDP.NWCV","","","","","","","","","","","","","","","","","","","","","","","","","","","","","","","","","","","","","","","","","","","","","","","","","","","","","","","","","","","","","","","","","",
"Mali","MLI","Internally displaced persons, new displacement associated with conflict and violence (number of cases)","VC.IDP.NWCV","","","","","","","","","","","","","","","","","","","","","","","","","","","","","","","","","","","","","","","","","","","","","","","","","","","","","227000","123000","19000","","6300","35000","126000","284000","277000","249000","154000","152000","",
"Malta","MLT","Internally displaced persons, new displacement associated with conflict and violence (number of cases)","VC.IDP.NWCV","","","","","","","","","","","","","","","","","","","","","","","","","","","","","","","","","","","","","","","","","","","","","","","","","","","","","","","","","","","","","","","","","",
"Myanmar","MMR","Internally displaced persons, new displacement associated with conflict and violence (number of cases)","VC.IDP.NWCV","","","","","","","","","","","","","","","","","","","","","","","","","","","","","","","","","","","","","","","","","","","","","","","","","","75000","73000","50000","166000","54000","6200","16000","32000","57000","42000","80000","70000","448000","1006000","1298000","",
"Middle East, North Africa, Afghanistan & Pakistan (excluding high income)","MNA","Internally displaced persons, new displacement associated with conflict and violence (number of cases)","VC.IDP.NWCV","","","","","","","","","","","","","","","","","","","","","","","","","","","","","","","","","","","","","","","","","","","","","","","","","","","","","","","5286700","","","5030700","2510190","3041504","2477160","","","","",
"Montenegro","MNE","Internally displaced persons, new displacement associated with conflict and violence (number of cases)","VC.IDP.NWCV","","","","","","","","","","","","","","","","","","","","","","","","","","","","","","","","","","","","","","","","","","","","","","","","","","","","","","","","","","","","","","","","","",
"Mongolia","MNG","Internally displaced persons, new displacement associated with conflict and violence (number of cases)","VC.IDP.NWCV","","","","","","","","","","","","","","","","","","","","","","","","","","","","","","","","","","","","","","","","","","","","","","","","","","","","","","","","","","","","","","","","","",
"Northern Mariana Islands","MNP","Internally displaced persons, new displacement associated with conflict and violence (number of cases)","VC.IDP.NWCV","","","","","","","","","","","","","","","","","","","","","","","","","","","","","","","","","","","","","","","","","","","","","","","","","","","","","","","","","","","","","","","","","",
"Mozambique","MOZ","Internally displaced persons, new displacement associated with conflict and violence (number of cases)","VC.IDP.NWCV","","","","","","","","","","","","","","","","","","","","","","","","","","","","","","","","","","","","","","","","","","","","","","","","","","","","","","","","","15000","130","3800","5300","592000","187000","283000","41000","",
"Mauritania","MRT","Internally displaced persons, new displacement associated with conflict and violence (number of cases)","VC.IDP.NWCV","","","","","","","","","","","","","","","","","","","","","","","","","","","","","","","","","","","","","","","","","","","","","","","","","","","","","","","","","","","","","","","","","",
"Mauritius","MUS","Internally displaced persons, new displacement associated with conflict and violence (number of cases)","VC.IDP.NWCV","","","","","","","","","","","","","","","","","","","","","","","","","","","","","","","","","","","","","","","","","","","","","","","","","","","","","","","","","","","","","","","","","",
"Malawi","MWI","Internally displaced persons, new displacement associated with conflict and violence (number of cases)","VC.IDP.NWCV","","","","","","","","","","","","","","","","","","","","","","","","","","","","","","","","","","","","","","","","","","","","","","","","","","","","","","","","","","","","","","","","","",
"Malaysia","MYS","Internally displaced persons, new displacement associated with conflict and violence (number of cases)","VC.IDP.NWCV","","","","","","","","","","","","","","","","","","","","","","","","","","","","","","","","","","","","","","","","","","","","","","","","","","","","","","","","","","","","","","","","","",
"North America","NAC","Internally displaced persons, new displacement associated with conflict and violence (number of cases)","VC.IDP.NWCV","","","","","","","","","","","","","","","","","","","","","","","","","","","","","","","","","","","","","","","","","","","","","","","","","","","","","","","","","","","","","","","","","",
"Namibia","NAM","Internally displaced persons, new displacement associated with conflict and violence (number of cases)","VC.IDP.NWCV","","","","","","","","","","","","","","","","","","","","","","","","","","","","","","","","","","","","","","","","","","","","","","","","","","","","","","","","","","","","","","","","","",
"New Caledonia","NCL","Internally displaced persons, new displacement associated with conflict and violence (number of cases)","VC.IDP.NWCV","","","","","","","","","","","","","","","","","","","","","","","","","","","","","","","","","","","","","","","","","","","","","","","","","","","","","","","","","","","","","140","13","","","",
"Niger","NER","Internally displaced persons, new displacement associated with conflict and violence (number of cases)","VC.IDP.NWCV","","","","","","","","","","","","","","","","","","","","","","","","","","","","","","","","","","","","","","","","","","","","","","","","","","","","","","","","47000","166000","40000","52000","56000","136000","110000","101000","181000","",
"Nigeria","NGA","Internally displaced persons, new displacement associated with conflict and violence (number of cases)","VC.IDP.NWCV","","","","","","","","","","","","","","","","","","","","","","","","","","","","","","","","","","","","","","","","","","","","","","","","","","5000","5000","65000","63000","470000","975000","737000","501000","279000","541000","248000","169000","376000","148000","291000","",
"Nicaragua","NIC","Internally displaced persons, new displacement associated with conflict and violence (number of cases)","VC.IDP.NWCV","","","","","","","","","","","","","","","","","","","","","","","","","","","","","","","","","","","","","","","","","","","","","","","","","","","","","","","","","","","","","77","","","280","",
"Netherlands","NLD","Internally displaced persons, new displacement associated with conflict and violence (number of cases)","VC.IDP.NWCV","","","","","","","","","","","","","","","","","","","","","","","","","","","","","","","","","","","","","","","","","","","","","","","","","","","","","","","","","","","","","","","","","",
"Norway","NOR","Internally displaced persons, new displacement associated with conflict and violence (number of cases)","VC.IDP.NWCV","","","","","","","","","","","","","","","","","","","","","","","","","","","","","","","","","","","","","","","","","","","","","","","","","","","","","","","","","","","","","","","","","",
"Nepal","NPL","Internally displaced persons, new displacement associated with conflict and violence (number of cases)","VC.IDP.NWCV","","","","","","","","","","","","","","","","","","","","","","","","","","","","","","","","","","","","","","","","","","","","","","","","","","5000","","","","","","","","2","","","","","","","",
"Nauru","NRU","Internally displaced persons, new displacement associated with conflict and violence (number of cases)","VC.IDP.NWCV","","","","","","","","","","","","","","","","","","","","","","","","","","","","","","","","","","","","","","","","","","","","","","","","","","","","","","","","","","","","","","","","","",
"New Zealand","NZL","Internally displaced persons, new displacement associated with conflict and violence (number of cases)","VC.IDP.NWCV","","","","","","","","","","","","","","","","","","","","","","","","","","","","","","","","","","","","","","","","","","","","","","","","","","","","","","","","","","","","","","","","","",
"OECD members","OED","Internally displaced persons, new displacement associated with conflict and violence (number of cases)","VC.IDP.NWCV","","","","","","","","","","","","","","","","","","","","","","","","","","","","","","","","","","","","","","","","","","","","","","","","","","","","","","","","","","","","","","","","","",
"Oman","OMN","Internally displaced persons, new displacement associated with conflict and violence (number of cases)","VC.IDP.NWCV","","","","","","","","","","","","","","","","","","","","","","","","","","","","","","","","","","","","","","","","","","","","","","","","","","","","","","","","","","","","","","","","","",
"Other small states","OSS","Internally displaced persons, new displacement associated with conflict and violence (number of cases)","VC.IDP.NWCV","","","","","","","","","","","","","","","","","","","","","","","","","","","","","","","","","","","","","","","","","","","","","","","","","","","","","","","","","","","","","","","","","",
"Pakistan","PAK","Internally displaced persons, new displacement associated with conflict and violence (number of cases)","VC.IDP.NWCV","","","","","","","","","","","","","","","","","","","","","","","","","","","","","","","","","","","","","","","","","","","","","","","","","","3000000","400000","190000","412000","140000","907000","","2400","75000","1700","15000","160","","680","2800","",
"Panama","PAN","Internally displaced persons, new displacement associated with conflict and violence (number of cases)","VC.IDP.NWCV","","","","","","","","","","","","","","","","","","","","","","","","","","","","","","","","","","","","","","","","","","","","","","","","","","","","","","","","","","","","","","","","","",
"Peru","PER","Internally displaced persons, new displacement associated with conflict and violence (number of cases)","VC.IDP.NWCV","","","","","","","","","","","","","","","","","","","","","","","","","","","","","","","","","","","","","","","","","","","","","","","","","","","","","","","","","","","","35","","","","","",
"Philippines","PHL","Internally displaced persons, new displacement associated with conflict and violence (number of cases)","VC.IDP.NWCV","","","","","","","","","","","","","","","","","","","","","","","","","","","","","","","","","","","","","","","","","","","","","","","","","","400000","70000","97000","178000","327000","124000","288000","280000","645000","188000","183000","111000","140000","123000","160000","",
"Palau","PLW","Internally displaced persons, new displacement associated with conflict and violence (number of cases)","VC.IDP.NWCV","","","","","","","","","","","","","","","","","","","","","","","","","","","","","","","","","","","","","","","","","","","","","","","","","","","","","","","","","","","","","","","","","",
"Papua New Guinea","PNG","Internally displaced persons, new displacement associated with conflict and violence (number of cases)","VC.IDP.NWCV","","","","","","","","","","","","","","","","","","","","","","","","","","","","","","","","","","","","","","","","","","","","","","","","","","","","","","","1200","","290","","","1300","","9500","60000","2000","",
"Poland","POL","Internally displaced persons, new displacement associated with conflict and violence (number of cases)","VC.IDP.NWCV","","","","","","","","","","","","","","","","","","","","","","","","","","","","","","","","","","","","","","","","","","","","","","","","","","","","","","","","","","","","","","","","","",
"Pre-demographic dividend","PRE","Internally displaced persons, new displacement associated with conflict and violence (number of cases)","VC.IDP.NWCV","","","","","","","","","","","","","","","","","","","","","","","","","","","","","","","","","","","","","","","","","","","","","","","","","","","","","","","","","3705000","6602330","5068800","4102732","5551289","7183994","7001900","12682070","",
"Puerto Rico (US)","PRI","Internally displaced persons, new displacement associated with conflict and violence (number of cases)","VC.IDP.NWCV","","","","","","","","","","","","","","","","","","","","","","","","","","","","","","","","","","","","","","","","","","","","","","","","","","","","","","","","","","","","","","","","","",
"Korea, Dem. People's Rep.","PRK","Internally displaced persons, new displacement associated with conflict and violence (number of cases)","VC.IDP.NWCV","","","","","","","","","","","","","","","","","","","","","","","","","","","","","","","","","","","","","","","","","","","","","","","","","","","","","","","","","","","","","","","","","",
"Portugal","PRT","Internally displaced persons, new displacement associated with conflict and violence (number of cases)","VC.IDP.NWCV","","","","","","","","","","","","","","","","","","","","","","","","","","","","","","","","","","","","","","","","","","","","","","","","","","","","","","","","","","","","","","","","","",
"Paraguay","PRY","Internally displaced persons, new displacement associated with conflict and violence (number of cases)","VC.IDP.NWCV","","","","","","","","","","","","","","","","","","","","","","","","","","","","","","","","","","","","","","","","","","","","","","","","","","","","","","","","","","","","","","","","","",
"West Bank and Gaza","PSE","Internally displaced persons, new displacement associated with conflict and violence (number of cases)","VC.IDP.NWCV","","","","","","","","","","","","","","","","","","","","","","","","","","","","","","","","","","","","","","","","","","","","","","","","","","100000","600","1100","12000","1100","501000","740","1600","700","490","1500","1000","118000","1800","3438000","",
"Pacific island small states","PSS","Internally displaced persons, new displacement associated with conflict and violence (number of cases)","VC.IDP.NWCV","","","","","","","","","","","","","","","","","","","","","","","","","","","","","","","","","","","","","","","","","","","","","","","","","","","","","","","","","","","","","","","","","",
"Post-demographic dividend","PST","Internally displaced persons, new displacement associated with conflict and violence (number of cases)","VC.IDP.NWCV","","","","","","","","","","","","","","","","","","","","","","","","","","","","","","","","","","","","","","","","","","","","","","","","","","","","","","","","","","","","","","","","","",
"French Polynesia","PYF","Internally displaced persons, new displacement associated with conflict and violence (number of cases)","VC.IDP.NWCV","","","","","","","","","","","","","","","","","","","","","","","","","","","","","","","","","","","","","","","","","","","","","","","","","","","","","","","","","","","","","","","","","",
"Qatar","QAT","Internally displaced persons, new displacement associated with conflict and violence (number of cases)","VC.IDP.NWCV","","","","","","","","","","","","","","","","","","","","","","","","","","","","","","","","","","","","","","","","","","","","","","","","","","","","","","","","","","","","","","","","","",
"Romania","ROU","Internally displaced persons, new displacement associated with conflict and violence (number of cases)","VC.IDP.NWCV","","","","","","","","","","","","","","","","","","","","","","","","","","","","","","","","","","","","","","","","","","","","","","","","","","","","","","","","","","","","","","","","","",
"Russian Federation","RUS","Internally displaced persons, new displacement associated with conflict and violence (number of cases)","VC.IDP.NWCV","","","","","","","","","","","","","","","","","","","","","","","","","","","","","","","","","","","","","","","","","","","","","","","","","","","","","","","","","","","","","","","7100","60000","",
"Rwanda","RWA","Internally displaced persons, new displacement associated with conflict and violence (number of cases)","VC.IDP.NWCV","","","","","","","","","","","","","","","","","","","","","","","","","","","","","","","","","","","","","","","","","","","","","","","","","","","","","","","","","","","","","","","","","",
"South Asia","SAS","Internally displaced persons, new displacement associated with conflict and violence (number of cases)","VC.IDP.NWCV","","","","","","","","","","","","","","","","","","","","","","","","","","","","","","","","","","","","","","","","","","","","","","","","","","323000","109500","53600","505000","64000","345000","1000","448000","84002","170400","13729","4110","13150","1120","67000","",
"Saudi Arabia","SAU","Internally displaced persons, new displacement associated with conflict and violence (number of cases)","VC.IDP.NWCV","","","","","","","","","","","","","","","","","","","","","","","","","","","","","","","","","","","","","","","","","","","","","","","","","","","","","","","","","","","","","","","","","",
"Sudan","SDN","Internally displaced persons, new displacement associated with conflict and violence (number of cases)","VC.IDP.NWCV","","","","","","","","","","","","","","","","","","","","","","","","","","","","","","","","","","","","","","","","","","","","","","","","","","530000","490000","115000","500000","470000","558000","144000","97000","17000","41000","84000","79000","442000","314000","6039000","",
"Senegal","SEN","Internally displaced persons, new displacement associated with conflict and violence (number of cases)","VC.IDP.NWCV","","","","","","","","","","","","","","","","","","","","","","","","","","","","","","","","","","","","","","","","","","","","","","","","","","1000","4000","","170","","","","","","","","","","","","",
"Singapore","SGP","Internally displaced persons, new displacement associated with conflict and violence (number of cases)","VC.IDP.NWCV","","","","","","","","","","","","","","","","","","","","","","","","","","","","","","","","","","","","","","","","","","","","","","","","","","","","","","","","","","","","","","","","","",
"Solomon Islands","SLB","Internally displaced persons, new displacement associated with conflict and violence (number of cases)","VC.IDP.NWCV","","","","","","","","","","","","","","","","","","","","","","","","","","","","","","","","","","","","","","","","","","","","","","","","","","","","","","","","","","","","","","1000","","","",
"Sierra Leone","SLE","Internally displaced persons, new displacement associated with conflict and violence (number of cases)","VC.IDP.NWCV","","","","","","","","","","","","","","","","","","","","","","","","","","","","","","","","","","","","","","","","","","","","","","","","","","","","","","","","","","","3000","2500","","","","","",
"El Salvador","SLV","Internally displaced persons, new displacement associated with conflict and violence (number of cases)","VC.IDP.NWCV","","","","","","","","","","","","","","","","","","","","","","","","","","","","","","","","","","","","","","","","","","","","","","","","","","","","","","","191000","170000","220000","296000","246000","454000","114000","175000","73000","66000","",
"San Marino","SMR","Internally displaced persons, new displacement associated with conflict and violence (number of cases)","VC.IDP.NWCV","","","","","","","","","","","","","","","","","","","","","","","","","","","","","","","","","","","","","","","","","","","","","","","","","","","","","","","","","","","","","","","","","",
"Somalia","SOM","Internally displaced persons, new displacement associated with conflict and violence (number of cases)","VC.IDP.NWCV","","","","","","","","","","","","","","","","","","","","","","","","","","","","","","","","","","","","","","","","","","","","","","","","","","400000","300000","100000","185000","80000","89000","90000","175000","388000","578000","188000","293000","549000","621000","673000","",
"Serbia","SRB","Internally displaced persons, new displacement associated with conflict and violence (number of cases)","VC.IDP.NWCV","","","","","","","","","","","","","","","","","","","","","","","","","","","","","","","","","","","","","","","","","","","","","","","","","","","","","","","","","","","","","","","","","",
"Sub-Saharan Africa (excluding high income)","SSA","Internally displaced persons, new displacement associated with conflict and violence (number of cases)","VC.IDP.NWCV","","","","","","","","","","","","","","","","","","","","","","","","","","","","","","","","","","","","","","","","","","","","","","","","","","","","","","","","","","","4551800","3542032","","6404514","","12662370","",
"South Sudan","SSD","Internally displaced persons, new displacement associated with conflict and violence (number of cases)","VC.IDP.NWCV","","","","","","","","","","","","","","","","","","","","","","","","","","","","","","","","","","","","","","","","","","","","","","","","","","","","350000","190000","383000","1304000","199000","281000","857000","321000","259000","271000","429000","337000","282000","",
"Sub-Saharan Africa","SSF","Internally displaced persons, new displacement associated with conflict and violence (number of cases)","VC.IDP.NWCV","","","","","","","","","","","","","","","","","","","","","","","","","","","","","","","","","","","","","","","","","","","","","","","","","","","","","","","","","","5474330","7446800","4594032","6772289","11546514","8969900","13456370","",
"Small states","SST","Internally displaced persons, new displacement associated with conflict and violence (number of cases)","VC.IDP.NWCV","","","","","","","","","","","","","","","","","","","","","","","","","","","","","","","","","","","","","","","","","","","","","","","","","","","","","","","","","","","","","","","","","",
"Sao Tome and Principe","STP","Internally displaced persons, new displacement associated with conflict and violence (number of cases)","VC.IDP.NWCV","","","","","","","","","","","","","","","","","","","","","","","","","","","","","","","","","","","","","","","","","","","","","","","","","","","","","","","","","","","","","","","","","",
"Suriname","SUR","Internally displaced persons, new displacement associated with conflict and violence (number of cases)","VC.IDP.NWCV","","","","","","","","","","","","","","","","","","","","","","","","","","","","","","","","","","","","","","","","","","","","","","","","","","","","","","","","","","","","","","","","","",
"Slovak Republic","SVK","Internally displaced persons, new displacement associated with conflict and violence (number of cases)","VC.IDP.NWCV","","","","","","","","","","","","","","","","","","","","","","","","","","","","","","","","","","","","","","","","","","","","","","","","","","","","","","","","","","","","","","","","","",
"Slovenia","SVN","Internally displaced persons, new displacement associated with conflict and violence (number of cases)","VC.IDP.NWCV","","","","","","","","","","","","","","","","","","","","","","","","","","","","","","","","","","","","","","","","","","","","","","","","","","","","","","","","","","","","","","","","","",
"Sweden","SWE","Internally displaced persons, new displacement associated with conflict and violence (number of cases)","VC.IDP.NWCV","","","","","","","","","","","","","","","","","","","","","","","","","","","","","","","","","","","","","","","","","","","","","","","","","","","","","","","","","","","","","","","","","",
"Eswatini","SWZ","Internally displaced persons, new displacement associated with conflict and violence (number of cases)","VC.IDP.NWCV","","","","","","","","","","","","","","","","","","","","","","","","","","","","","","","","","","","","","","","","","","","","","","","","","","","","","","","","","","","","","","","","","",
"Sint Maarten (Dutch part)","SXM","Internally displaced persons, new displacement associated with conflict and violence (number of cases)","VC.IDP.NWCV","","","","","","","","","","","","","","","","","","","","","","","","","","","","","","","","","","","","","","","","","","","","","","","","","","","","","","","","","","","","","","","","","",
"Seychelles","SYC","Internally displaced persons, new displacement associated with conflict and violence (number of cases)","VC.IDP.NWCV","","","","","","","","","","","","","","","","","","","","","","","","","","","","","","","","","","","","","","","","","","","","","","","","","","","","","","","","","","","","","","","","","",
"Syrian Arab Republic","SYR","Internally displaced persons, new displacement associated with conflict and violence (number of cases)","VC.IDP.NWCV","","","","","","","","","","","","","","","","","","","","","","","","","","","","","","","","","","","","","","","","","","","","","","","","","","","","156000","2400000","3500000","1100000","1300000","2148000","2911000","1649000","1847000","1822000","456000","171000","174000","",
"Turks and Caicos Islands","TCA","Internally displaced persons, new displacement associated with conflict and violence (number of cases)","VC.IDP.NWCV","","","","","","","","","","","","","","","","","","","","","","","","","","","","","","","","","","","","","","","","","","","","","","","","","","","","","","","","","","","","","","","","","",
"Chad","TCD","Internally displaced persons, new displacement associated with conflict and violence (number of cases)","VC.IDP.NWCV","","","","","","","","","","","","","","","","","","","","","","","","","","","","","","","","","","","","","","","","","","","","","","","","","","","","","","","","36000","36000","5800","","58000","79000","42000","80000","118000","",
"East Asia & Pacific (IDA & IBRD countries)","TEA","Internally displaced persons, new displacement associated with conflict and violence (number of cases)","VC.IDP.NWCV","","","","","","","","","","","","","","","","","","","","","","","","","","","","","","","","","","","","","","","","","","","","","","","","","","","","","","","","","","","","","","","","","",
"Europe & Central Asia (IDA & IBRD countries)","TEC","Internally displaced persons, new displacement associated with conflict and violence (number of cases)","VC.IDP.NWCV","","","","","","","","","","","","","","","","","","","","","","","","","","","","","","","","","","","","","","","","","","","","","","","","","","","","","","","","","","","","","","","","","",
"Togo","TGO","Internally displaced persons, new displacement associated with conflict and violence (number of cases)","VC.IDP.NWCV","","","","","","","","","","","","","","","","","","","","","","","","","","","","","","","","","","","","","","","","","","","","","","","","","","","","","","","","","","2700","","","","","2300","12000","",
"Thailand","THA","Internally displaced persons, new displacement associated with conflict and violence (number of cases)","VC.IDP.NWCV","","","","","","","","","","","","","","","","","","","","","","","","","","","","","","","","","","","","","","","","","","","","","","","","","","","","50000","","100","","","","","","","","520","","","",
"Tajikistan","TJK","Internally displaced persons, new displacement associated with conflict and violence (number of cases)","VC.IDP.NWCV","","","","","","","","","","","","","","","","","","","","","","","","","","","","","","","","","","","","","","","","","","","","","","","","","","","","","","","","","","","","","","15000","","","",
"Turkmenistan","TKM","Internally displaced persons, new displacement associated with conflict and violence (number of cases)","VC.IDP.NWCV","","","","","","","","","","","","","","","","","","","","","","","","","","","","","","","","","","","","","","","","","","","","","","","","","","","","","","","","","","","","","","","","","",
"Latin America & the Caribbean (IDA & IBRD countries)","TLA","Internally displaced persons, new displacement associated with conflict and violence (number of cases)","VC.IDP.NWCV","","","","","","","","","","","","","","","","","","","","","","","","","","","","","","","","","","","","","","","","","","","","","","","","","","","","","","","","","","","","","","379680","533065","636960","",
"Timor-Leste","TLS","Internally displaced persons, new displacement associated with conflict and violence (number of cases)","VC.IDP.NWCV","","","","","","","","","","","","","","","","","","","","","","","","","","","","","","","","","","","","","","","","","","","","","","","","","","100","","1000","","","2100","","","","","","","","","","",
"Middle East, North Africa, Afghanistan & Pakistan (IDA & IBRD)","TMN","Internally displaced persons, new displacement associated with conflict and violence (number of cases)","VC.IDP.NWCV","","","","","","","","","","","","","","","","","","","","","","","","","","","","","","","","","","","","","","","","","","","","","","","","","","","","","","","4785700","","","5030000","2509700","3040004","2476160","","","","",
"Tonga","TON","Internally displaced persons, new displacement associated with conflict and violence (number of cases)","VC.IDP.NWCV","","","","","","","","","","","","","","","","","","","","","","","","","","","","","","","","","","","","","","","","","","","","","","","","","","","","","","","","","","","","","","","","","",
"South Asia (IDA & IBRD)","TSA","Internally displaced persons, new displacement associated with conflict and violence (number of cases)","VC.IDP.NWCV","","","","","","","","","","","","","","","","","","","","","","","","","","","","","","","","","","","","","","","","","","","","","","","","","","323000","109500","53600","505000","64000","345000","1000","448000","84002","170400","13729","4110","13150","1120","67000","",
"Sub-Saharan Africa (IDA & IBRD countries)","TSS","Internally displaced persons, new displacement associated with conflict and violence (number of cases)","VC.IDP.NWCV","","","","","","","","","","","","","","","","","","","","","","","","","","","","","","","","","","","","","","","","","","","","","","","","","","","","","","","","","","5474330","7446800","4594032","6772289","11546514","8969900","13456370","",
"Trinidad and Tobago","TTO","Internally displaced persons, new displacement associated with conflict and violence (number of cases)","VC.IDP.NWCV","","","","","","","","","","","","","","","","","","","","","","","","","","","","","","","","","","","","","","","","","","","","","","","","","","","","","","","","","","","","","","","","","",
"Tunisia","TUN","Internally displaced persons, new displacement associated with conflict and violence (number of cases)","VC.IDP.NWCV","","","","","","","","","","","","","","","","","","","","","","","","","","","","","","","","","","","","","","","","","","","","","","","","","","","","","","","","","","","","","","","","","",
"Turkiye","TUR","Internally displaced persons, new displacement associated with conflict and violence (number of cases)","VC.IDP.NWCV","","","","","","","","","","","","","","","","","","","","","","","","","","","","","","","","","","","","","","","","","","","","","","","","","","","","","200","","","","204000","","","2000","","","","","",
"Tuvalu","TUV","Internally displaced persons, new displacement associated with conflict and violence (number of cases)","VC.IDP.NWCV","","","","","","","","","","","","","","","","","","","","","","","","","","","","","","","","","","","","","","","","","","","","","","","","","","","","","","","","","","","","","","","","","",
"Tanzania","TZA","Internally displaced persons, new displacement associated with conflict and violence (number of cases)","VC.IDP.NWCV","","","","","","","","","","","","","","","","","","","","","","","","","","","","","","","","","","","","","","","","","","","","","","","","","","","","","","","","","","","","","","","","","",
"Uganda","UGA","Internally displaced persons, new displacement associated with conflict and violence (number of cases)","VC.IDP.NWCV","","","","","","","","","","","","","","","","","","","","","","","","","","","","","","","","","","","","","","","","","","","","","","","","","","","","","","","","","23000","1300","9000","2300","79","1300","2000","640","",
"Ukraine","UKR","Internally displaced persons, new displacement associated with conflict and violence (number of cases)","VC.IDP.NWCV","","","","","","","","","","","","","","","","","","","","","","","","","","","","","","","","","","","","","","","","","","","","","","","","","","","","","","","646000","942000","109000","21000","12000","60","74","40","16870000","714000","",
"Upper middle income","UMC","Internally displaced persons, new displacement associated with conflict and violence (number of cases)","VC.IDP.NWCV","","","","","","","","","","","","","","","","","","","","","","","","","","","","","","","","","","","","","","","","","","","","","","","","","","","","","","","","","","","","","","","","","",
"Uruguay","URY","Internally displaced persons, new displacement associated with conflict and violence (number of cases)","VC.IDP.NWCV","","","","","","","","","","","","","","","","","","","","","","","","","","","","","","","","","","","","","","","","","","","","","","","","","","","","","","","","","","","","","","","","","",
"United States","USA","Internally displaced persons, new displacement associated with conflict and violence (number of cases)","VC.IDP.NWCV","","","","","","","","","","","","","","","","","","","","","","","","","","","","","","","","","","","","","","","","","","","","","","","","","","","","","","","","","","","","","","","","","",
"Uzbekistan","UZB","Internally displaced persons, new displacement associated with conflict and violence (number of cases)","VC.IDP.NWCV","","","","","","","","","","","","","","","","","","","","","","","","","","","","","","","","","","","","","","","","","","","","","","","","","","","","","","","","","","","","","","","","","",
"St. Vincent and the Grenadines","VCT","Internally displaced persons, new displacement associated with conflict and violence (number of cases)","VC.IDP.NWCV","","","","","","","","","","","","","","","","","","","","","","","","","","","","","","","","","","","","","","","","","","","","","","","","","","","","","","","","","","","","","","","","","",
"Venezuela, RB","VEN","Internally displaced persons, new displacement associated with conflict and violence (number of cases)","VC.IDP.NWCV","","","","","","","","","","","","","","","","","","","","","","","","","","","","","","","","","","","","","","","","","","","","","","","","","","","","","","","","","","","","","","","","","",
"British Virgin Islands","VGB","Internally displaced persons, new displacement associated with conflict and violence (number of cases)","VC.IDP.NWCV","","","","","","","","","","","","","","","","","","","","","","","","","","","","","","","","","","","","","","","","","","","","","","","","","","","","","","","","","","","","","","","","","",
"Virgin Islands (U.S.)","VIR","Internally displaced persons, new displacement associated with conflict and violence (number of cases)","VC.IDP.NWCV","","","","","","","","","","","","","","","","","","","","","","","","","","","","","","","","","","","","","","","","","","","","","","","","","","","","","","","","","","","","","","","","","",
"Viet Nam","VNM","Internally displaced persons, new displacement associated with conflict and violence (number of cases)","VC.IDP.NWCV","","","","","","","","","","","","","","","","","","","","","","","","","","","","","","","","","","","","","","","","","","","","","","","","","","","","","","","","","","","","","","","","","",
"Vanuatu","VUT","Internally displaced persons, new displacement associated with conflict and violence (number of cases)","VC.IDP.NWCV","","","","","","","","","","","","","","","","","","","","","","","","","","","","","","","","","","","","","","","","","","","","","","","","","","","","","","","","","","","","","","","","","",
"World","WLD","Internally displaced persons, new displacement associated with conflict and violence (number of cases)","VC.IDP.NWCV","","","","","","","","","","","","","","","","","","","","","","","","","","","","","","","","","","","","","","","","","","","","","","","","","","","","","","","","","","","","","","","","","",
"Samoa","WSM","Internally displaced persons, new displacement associated with conflict and violence (number of cases)","VC.IDP.NWCV","","","","","","","","","","","","","","","","","","","","","","","","","","","","","","","","","","","","","","","","","","","","","","","","","","","","","","","","","","","","","","","","","",
"Kosovo","XKX","Internally displaced persons, new displacement associated with conflict and violence (number of cases)","VC.IDP.NWCV","","","","","","","","","","","","","","","","","","","","","","","","","","","","","","","","","","","","","","","","","","","","","","","","","","","","","","","","","","","","","","","","","",
"Yemen, Rep.","YEM","Internally displaced persons, new displacement associated with conflict and violence (number of cases)","VC.IDP.NWCV","","","","","","","","","","","","","","","","","","","","","","","","","","","","","","","","","","","","","","","","","","","","","","","","","","150000","176000","175000","132000","20000","100000","2175000","478000","160000","252000","398000","143000","377000","276000","80000","",
"South Africa","ZAF","Internally displaced persons, new displacement associated with conflict and violence (number of cases)","VC.IDP.NWCV","","","","","","","","","","","","","","","","","","","","","","","","","","","","","","","","","","","","","","","","","","","","","","","","","","","","","","","","","","","","2300","","520","","620","",
"Zambia","ZMB","Internally displaced persons, new displacement associated with conflict and violence (number of cases)","VC.IDP.NWCV","","","","","","","","","","","","","","","","","","","","","","","","","","","","","","","","","","","","","","","","","","","","","","","","","","","","","","","","","","","","","","","","","",
"Zimbabwe","ZWE","Internally displaced persons, new displacement associated with conflict and violence (number of cases)","VC.IDP.NWCV","","","","","","","","","","","","","","","","","","","","","","","","","","","","","","","","","","","","","","","","","","","","","","","","","","15000","","","280","","","","","","","","","","","","",
