region_name,region_code,reporting_year,reporting_pop,poverty_line,headcount,poverty_gap,poverty_severity,watts,mean,pop_in_poverty,spr,pg,estimate_type
Eastern and Southern Africa,AFE,1981,238043099,3,0.5818766949875964,0.26872789980320116,0.15573107479275664,0.42829745018377335,4.749964753692149,138511732,0.6065094200019476,15.32568129747508,projection
Eastern and Southern Africa,AFE,1982,245822010,3,0.5855788972298711,0.2726081895278539,0.15893288708573194,0.43665261393675003,4.6863682763219545,143948182,0.609351359491661,15.584900949633626,projection
Eastern and Southern Africa,AFE,1983,253644643,3,0.5917142530996828,0.27790074327777153,0.16331991404170587,0.4485069956514752,4.607832043673427,150085150,0.6137754992570336,15.950514950646633,projection
Eastern and Southern Africa,AFE,1984,261458202,3,0.6010141249187902,0.2840958847718209,0.16763337764502054,0.46008077637925143,4.551051691209262,157140072,0.6218635047070766,16.255412757163857,projection
Eastern and Southern Africa,AFE,1985,269450407,3,0.608663495965481,0.2895106819391528,0.17134095279645828,0.46960364635575375,4.481282605001382,164004627,0.6277352884328908,16.485746721734646,projection
Eastern and Southern Africa,AFE,1986,277621771,3,0.6035845462558022,0.2856188961397177,0.16878772720544033,0.46334682162741203,4.5064587722301015,167568211,0.6229175821378552,16.36741542156466,projection
Eastern and Southern Africa,AFE,1987,286067346,3,0.5973069611429827,0.28142371570068747,0.16555146775426446,0.4543278963020614,4.5597320773059735,170870017,0.6182811360693535,16.09503799940574,projection
Eastern and Southern Africa,AFE,1988,294498625,3,0.5964351304628275,0.27996362990031065,0.1640678592932976,0.4502219532155478,4.601890866904291,175649326,0.6184546309944751,15.940664479802233,projection
Eastern and Southern Africa,AFE,1989,302939121,3,0.5969200701922356,0.28092436589665754,0.16482708015927194,0.45184091074231636,4.608458881218095,180830441,0.6201085181510416,15.964917973513922,projection
Eastern and Southern Africa,AFE,1990,311748681,3,0.604845230916754,0.2870300313622055,0.16920431727839955,0.4631162755735403,4.548679136801007,188559703,0.6272347497702131,16.253344659828784,projection
Eastern and Southern Africa,AFE,1991,320442961,3,0.616905598952164,0.29910670860583927,0.17845070578130592,0.4862064835101282,4.456958729558787,197683057,0.6392893648355521,16.820852027776557,projection
Eastern and Southern Africa,AFE,1992,329082707,3,0.6291435529936619,0.3095890786920455,0.18638759886263098,0.5063860944501319,4.319304960716604,207040264,0.6501095844069974,17.330839679999265,projection
Eastern and Southern Africa,AFE,1993,338324002,3,0.640196142257109,0.31845318282950075,0.19345760934642373,0.5244003274000939,4.050095611406849,216593721,0.6568585598488434,17.8562350914819,actual
Eastern and Southern Africa,AFE,1994,347441809,3,0.6412488549238434,0.3239711969471571,0.19940462951357335,0.5394890900658459,3.9641550501517946,222796662,0.6605469640197404,18.358528824470316,actual
Eastern and Southern Africa,AFE,1995,356580375,3,0.6350781426133186,0.3181489890109371,0.19504313605468168,0.5284642304790123,4.046431546254795,226456402,0.6551651667172506,18.07834606143128,actual
Eastern and Southern Africa,AFE,1996,366138524,3,0.6277657468032624,0.31159101899469777,0.19035722565807844,0.5164441197158559,4.11240936595362,229849224,0.6489526287448366,17.79023330640305,actual
Eastern and Southern Africa,AFE,1997,375646235,3,0.6268668872227443,0.31168067294255186,0.19107282308706175,0.5184993318559044,4.116267004420355,235480186,0.6495244865319575,17.90584080145712,projection
Eastern and Southern Africa,AFE,1998,385505757,3,0.6300015122567335,0.3126755735661576,0.19192815589495965,0.5210859747662954,4.053094821250541,242869210,0.6524411923229659,18.020416864171143,actual
Eastern and Southern Africa,AFE,1999,395750933,3,0.63070054846374,0.3119568923357492,0.1918198730359656,0.521598455279112,3.975388960515326,249600330,0.6522526369008055,18.15305611633588,actual
Eastern and Southern Africa,AFE,2000,406156661,3,0.6282795789786504,0.3130276611400435,0.1943435928286831,0.5285717493264884,3.9283868655561127,255179936,0.6489950943042943,18.50477451828072,actual
Eastern and Southern Africa,AFE,2001,416807868,3,0.6247179505854242,0.3113476411853688,0.1935422288607695,0.5268806844569449,3.9158733272398227,260387357,0.6448765799483691,18.500903418396344,actual
Eastern and Southern Africa,AFE,2002,427820358,3,0.6336996572811978,0.31184707721905996,0.19175669399470172,0.5236359285373812,3.9301726974189255,271109614,0.6524805190680877,18.35219290264076,actual
Eastern and Southern Africa,AFE,2003,439173286,3,0.6268362358642923,0.30406935446887223,0.18519350306992097,0.5070573531177237,3.9656610203189375,275289729,0.6438843442842997,17.918976816904753,actual
Eastern and Southern Africa,AFE,2004,450928044,3,0.5925399405178026,0.28417700891534164,0.17261308069022116,0.47359559742317564,4.206456984315156,267192876,0.6094817696894057,17.14015716303071,actual
Eastern and Southern Africa,AFE,2005,463076637,3,0.5742575532763199,0.27172796319134596,0.16432636481119348,0.45132648694102734,4.415300823481845,265925257,0.593129831157705,16.559836014739098,actual
Eastern and Southern Africa,AFE,2006,475606210,3,0.5559691712509969,0.25848885465483173,0.1543462103392291,0.42459954006350975,4.671370679151993,264422390,0.5808191230167619,15.719028771826162,actual
Eastern and Southern Africa,AFE,2007,488580707,3,0.5448170673288191,0.24860759576382557,0.1460823529000387,0.4025328735484366,4.743309514890607,266187108,0.5712187399204512,15.008784869556807,actual
Eastern and Southern Africa,AFE,2008,502070763,3,0.5345797984069721,0.23953613774053514,0.13866950104435677,0.38311364948355675,4.828391811388852,268396887,0.5631981442190795,14.427666141862009,actual
Eastern and Southern Africa,AFE,2009,516003448,3,0.5312419296604952,0.23843859506813214,0.1384832128013157,0.3826623952563016,4.815238181585744,274122667,0.5601640006540595,14.466324671690096,actual
Eastern and Southern Africa,AFE,2010,530308387,3,0.518684539635477,0.22854438873067334,0.13086231248795935,0.36271948232326273,4.946659531414665,275062762,0.5496668570757498,13.915081172309186,actual
Eastern and Southern Africa,AFE,2011,544737983,3,0.5079291441313345,0.22051558888059444,0.1251321815044222,0.34797656981733904,5.023404197770573,276688297,0.540508652250632,13.542847602478242,actual
Eastern and Southern Africa,AFE,2012,559609961,3,0.5013990565992636,0.2148954991510599,0.12070821161305378,0.3369545231724612,5.037382987799763,280587907,0.5359166086632705,13.277581785264372,actual
Eastern and Southern Africa,AFE,2013,575202699,3,0.4960206769729583,0.21109900748362834,0.11797803900949112,0.3299496429004844,5.0541635217387455,285312432,0.5315254496189027,13.104822487546544,actual
Eastern and Southern Africa,AFE,2014,590968990,3,0.4930508308967452,0.21039026308420228,0.11760855040010165,0.3287931044265682,5.0627637883828065,291377752,0.5295754601933904,13.066818232473448,actual
Eastern and Southern Africa,AFE,2015,607123269,3,0.4945724169005418,0.21218031635093465,0.11897720785497048,0.3321430427370173,5.045059731369164,300266423,0.5312358665158461,13.141450942659311,actual
Eastern and Southern Africa,AFE,2016,623369401,3,0.5011596429595142,0.21731566538482872,0.12266174640206015,0.34159816637641055,4.987404348264528,312407586,0.5374671889340291,13.377882806884875,actual
Eastern and Southern Africa,AFE,2017,640058741,3,0.5091545922189007,0.2222646796455579,0.1260013004880439,0.3504375857132325,4.903704037603279,325888847,0.542265463666999,13.616661531105064,actual
Eastern and Southern Africa,AFE,2018,657801085,3,0.515127458718241,0.2254823814364357,0.12813681331545634,0.3561777699855098,4.838838892085329,338851401,0.5457028759612433,13.78304231364391,actual
Eastern and Southern Africa,AFE,2019,675950189,3,0.5212389982441257,0.22914951080035723,0.13069167910069382,0.3629639199778662,4.753059919401113,352331599,0.5487114534007574,13.983762572988578,projection
Eastern and Southern Africa,AFE,2020,694446100,3,0.5379200182160624,0.2399525104125974,0.13835408743015737,0.38322989468110513,4.529295606606114,373556459,0.5610098297704763,14.563502937940834,actual
Eastern and Southern Africa,AFE,2021,713090928,3,0.5398318334054993,0.23793843088752187,0.13629673767523162,0.37849584147848353,4.539247655452071,384949183,0.561301935492298,14.454736101967136,actual
Eastern and Southern Africa,AFE,2022,731821393,3,0.5341052142491809,0.23381729325397027,0.1333711769759473,0.3707916873755492,4.574367691188774,390869622,0.556724648609444,14.244014760204957,actual
Eastern and Southern Africa,AFE,2023,750503764,3,0.5323516583326602,0.23084881637362617,0.1309397702744757,0.3646825555943409,4.559430041643538,399531923,0.5540614632561457,14.092019243020777,projection
Eastern and Southern Africa,AFE,2024,769294967,3,0.5353330588547413,0.23201887169367025,0.13171086497746576,0.36704006791991833,4.5331144042681855,411829028,0.5537736771091797,14.164283768986015,nowcast
Eastern and Southern Africa,AFE,2025,788858910,3,0.527623053452259,0.22849468655278718,0.12977122736920335,0.3616639833747403,4.576789399979627,416220147,0.5483000549558751,14.03408111052063,nowcast
Western and Central Africa,AFW,1981,163762473,3,0.5455546502722265,0.2530991909473179,0.1504112012202986,0.4154989075106663,4.111569810621174,89341379,0.5623154684891245,15.587978547477833,projection
Western and Central Africa,AFW,1982,168585118,3,0.5627873974357418,0.2630775574182817,0.15673936964424476,0.4319934781893807,3.9563167660781944,94877580,0.5754561090961344,15.975990265445816,projection
Western and Central Africa,AFW,1983,173255157,3,0.5905164113550723,0.2800989417935235,0.16810235673163323,0.46145127653410384,3.735532559309254,102310014,0.6026886924804897,16.70981738579563,actual
Western and Central Africa,AFW,1984,177880746,3,0.5960551272218038,0.2843065593712241,0.1711698181204714,0.46923726039841757,3.671086441295313,106026731,0.6092563876260737,16.901763779485908,actual
Western and Central Africa,AFW,1985,182811038,3,0.5854146977828721,0.2755772927943252,0.16424842985100982,0.45076461889858044,3.7459058408271515,107020269,0.5994487977115905,16.37292970283692,actual
Western and Central Africa,AFW,1986,187889141,3,0.5898078190484417,0.2796807564610338,0.16765801009233214,0.4594946427966383,3.6539658538038564,110818484,0.6060112610488557,16.610964684071295,actual
Western and Central Africa,AFW,1987,193104347,3,0.5989025429117134,0.28692919212948115,0.17349729604850153,0.4752757653104036,3.5487315694194463,115650684,0.612640687871093,17.12111239512269,actual
Western and Central Africa,AFW,1988,198485027,3,0.6018372896878431,0.28795052779477237,0.174239461103121,0.4777802611122425,3.4841329245102406,119455691,0.6107139015739594,17.254495218815602,actual
Western and Central Africa,AFW,1989,204062274,3,0.6113843560010978,0.2956880656001575,0.18032596166767384,0.49378555587221007,3.4288958021280997,124760482,0.6183602672204686,17.714733426798002,actual
Western and Central Africa,AFW,1990,209566031,3,0.6140794282927405,0.29966060149318546,0.18415435296259625,0.5039596484753653,3.434583180165624,128690189,0.6189400216076424,18.055495477465062,actual
Western and Central Africa,AFW,1991,215178709,3,0.6270139211093635,0.3089862829218954,0.19095521324428993,0.5218126971079158,3.3578423121136574,134920046,0.6306483471982122,18.539953102407523,actual
Western and Central Africa,AFW,1992,221191375,3,0.6366024774411352,0.3169122939042736,0.19680309311110192,0.5368695154025132,3.306613518271886,140810977,0.6393221597785781,18.944490341459776,actual
Western and Central Africa,AFW,1993,227246778,3,0.6414721494016583,0.3152159911450875,0.19333039989525183,0.5272931876914846,3.3332320145569017,145772479,0.6434106578933504,18.459062167593746,actual
Western and Central Africa,AFW,1994,233360104,3,0.644761732288871,0.31774423627568366,0.19509431126170837,0.5317146353089633,3.356078325306557,150461665,0.6474484117010421,18.549446040354788,actual
Western and Central Africa,AFW,1995,239801875,3,0.6473557377264298,0.31721368874155637,0.19412272669740735,0.5291479169610054,3.3973302464251236,155237120,0.6509761575295192,18.44564512941648,actual
Western and Central Africa,AFW,1996,246415446,3,0.6438793924770442,0.3134471800149356,0.19024556978418877,0.5182866123177587,3.465904312971534,158661828,0.6456779112363056,18.03269842744567,actual
Western and Central Africa,AFW,1997,253207584,3,0.6352418464073675,0.3047416627396921,0.18282056252425463,0.49890596648345875,3.4902335846618278,160848053,0.6367340853239523,17.458767783665234,actual
Western and Central Africa,AFW,1998,260297834,3,0.6268356377105693,0.29519980518406086,0.1746297815482206,0.47811641109788255,3.4996333633351613,163163959,0.6283653999601823,16.902188179201765,actual
Western and Central Africa,AFW,1999,267506298,3,0.621503358011177,0.2873901303311991,0.1679311875045955,0.46127032550464536,3.503304247884726,166256062,0.6245362491669819,16.4359642405847,actual
Western and Central Africa,AFW,2000,274968446,3,0.6154922539641404,0.2821303659328822,0.16391926116992436,0.45086737727967824,3.5055889968431546,169240949,0.619524712495094,16.161258420697383,projection
Western and Central Africa,AFW,2001,282780717,3,0.6002262218880005,0.26761061566053446,0.15225321114602364,0.42138526595252224,3.568482734972576,169732401,0.6054518260427254,15.382408693951637,actual
Western and Central Africa,AFW,2002,290841795,3,0.5776508676556693,0.2499061862838285,0.1391347508701037,0.38767305199012425,3.6802366088352136,168005015,0.5827523398395713,14.510934053329159,actual
Western and Central Africa,AFW,2003,299142845,3,0.565477290155933,0.23905036375469116,0.13078323986526288,0.36671497148307836,3.7121486218495736,169158485,0.5708066346646818,13.988880611996182,actual
Western and Central Africa,AFW,2004,307725100,3,0.545009335643832,0.22551717487766598,0.12145911792454314,0.34263449824839887,3.8159490983292876,167713052,0.5506643965998962,13.394463547085774,actual
Western and Central Africa,AFW,2005,316588476,3,0.5346338627317766,0.21732503057206437,0.11556348406422819,0.32763108982856864,3.8819530922849323,169258920,0.5399592942088101,13.023327351092583,actual
Western and Central Africa,AFW,2006,325663158.00000006,3,0.5241703079997452,0.20887112430965057,0.10922319695802159,0.31152479763403806,3.9557963139858106,170702958,0.5296501377781744,12.60386211529891,actual
Western and Central Africa,AFW,2007,334984176,3,0.5150200025430641,0.20156972698431874,0.10379065178358263,0.2977023570357672,4.0082853962750224,172523551,0.5199990945819463,12.251365785577791,projection
Western and Central Africa,AFW,2008,344586109,3,0.49633342708588546,0.1878398335075603,0.09422491079699,0.2734310455743812,4.129755332891216,171029604,0.5026414876172575,11.679082609001762,actual
Western and Central Africa,AFW,2009,354343844,3,0.48572265440323026,0.18184169240632828,0.09039572694223719,0.26330141449733935,4.197712804073718,172112832,0.4952992254395383,11.428070784687073,actual
Western and Central Africa,AFW,2010,364358270.00000006,3,0.4630409908529612,0.16684686900718423,0.08070624475330761,0.23836684850592058,4.345572699752788,168712814,0.4788068353820853,10.87011559860299,actual
Western and Central Africa,AFW,2011,374790143,3,0.45317559188469547,0.1607607165075053,0.07677366830818941,0.22822106868222475,4.387555209809633,169845745,0.47137969510055444,10.647684576735019,actual
Western and Central Africa,AFW,2012,385360349,3,0.43459207288125384,0.15143781046760912,0.07160680866625221,0.2142391830395251,4.5303616029694656,167474553,0.4571908886799675,10.330918893677595,actual
Western and Central Africa,AFW,2013,396030207,3,0.4199240454836538,0.14522954297594257,0.06859842969245152,0.2059294129762007,4.656319821248836,166302607,0.44959905617614887,10.15736309751973,actual
Western and Central Africa,AFW,2014,406992047,3,0.402208580841904,0.13715489372403164,0.0643596535625616,0.19439339155181629,4.802908815031591,163695694,0.43779052877783686,9.909790994691898,actual
Western and Central Africa,AFW,2015,418127845,3,0.4017680964887628,0.13712709776297188,0.06441537657385137,0.19477668375787927,4.810838083378717,167990428,0.4385185263881382,9.93952772434658,actual
Western and Central Africa,AFW,2016,429454743,3,0.3893664380790562,0.12972690240002696,0.059818397974864615,0.18232659366050724,4.885593317936037,167215264,0.42636464715375977,9.626487024182012,actual
Western and Central Africa,AFW,2017,440882906,3,0.36989161459601233,0.12008275972680521,0.0542496878644505,0.16681033886942992,5.020382569352894,163078890,0.4141556978684588,9.231746969981822,actual
Western and Central Africa,AFW,2018,452195915.00000006,3,0.35210688546043073,0.11119037951763731,0.049110201359540424,0.15262739879496098,5.143400774565388,159221295,0.40223175063917876,8.883341724074514,actual
Western and Central Africa,AFW,2019,463365429,3,0.33942663335148143,0.1055320362743247,0.04598426523130903,0.1439433248467433,5.218261007959466,157278568,0.3955101864580688,8.67872350517182,actual
Western and Central Africa,AFW,2020,474569351,3,0.35152209261216344,0.10984213027265771,0.04800595780847681,0.1499426375776279,5.080752959702473,166821611,0.4007590350526513,8.846657864323895,projection
Western and Central Africa,AFW,2021,485920997,3,0.34542852362165843,0.10718735717091181,0.04655334042511144,0.14592269505017108,5.103503189145684,167850973,0.39703332427466725,8.752570225646442,projection
Western and Central Africa,AFW,2022,497387180,3,0.3375625445383968,0.1037919014079234,0.04475874494725191,0.1409379625502623,5.138340496716149,167899282,0.3922175772912341,8.64437857548592,projection
Western and Central Africa,AFW,2023,509398589,3,0.3332403784521023,0.10224768774009896,0.044039374206125734,0.13878176608530954,5.185328866640012,169752179,0.3903352671585673,8.580067817615511,projection
Western and Central Africa,AFW,2024,521764076,3,0.3275023332533226,0.10008868155881069,0.04301599781644318,0.13578295689894787,5.234713198757128,170878952,0.3869254452617522,8.505216020529277,nowcast
Western and Central Africa,AFW,2025,533939915,3,0.3201692749016603,0.09714683638225441,0.04160729019043217,0.13164831073047673,5.30928055366325,170951155,0.382827234117891,8.394847424050694,nowcast
East Asia & Pacific,EAP,1981,1377547505,3,0.8920056032706908,0.49995212224840885,0.3171696102841919,0.8313535567956166,1.9135821040211283,1228780093,0.8984712290515167,24.40870045798786,actual
East Asia & Pacific,EAP,1982,1401159627,3,0.8821923321309098,0.47621411730874735,0.2938970513729023,0.7753977664461797,2.0022934547596645,1236092279,0.8889211802339034,22.857191525801372,actual
East Asia & Pacific,EAP,1983,1425054014,3,0.8686793900902836,0.4467900198213783,0.26623517277549136,0.7095059409974245,2.1119283737367818,1237915052,0.8755104252308014,21.14700336162807,actual
East Asia & Pacific,EAP,1984,1447958029,3,0.8454205277030926,0.40271237338938787,0.2272731234023683,0.6173316124688463,2.273074246399886,1224133441,0.85161399881395194,18.948264144885556,actual
East Asia & Pacific,EAP,1985,1471431937,3,0.8223817313546996,0.3766465711159575,0.20807119050316297,0.5710367318884548,2.367793354864599,1210078744,0.8279857143859495,18.00973513447379,actual
East Asia & Pacific,EAP,1986,1496220611,3,0.8022279024407407,0.3595688559752337,0.19670911740301977,0.5428777830839474,2.447008481592695,1200309922,0.8079915705785728,17.474775677647568,actual
East Asia & Pacific,EAP,1987,1522475663,3,0.7728633871565549,0.3371269694816758,0.1819908667726398,0.5057213769123379,2.564363685146849,1176665698,0.7788788675702096,16.745932302677332,actual
East Asia & Pacific,EAP,1988,1549144535,3,0.7289221383613926,0.3029129829193604,0.15860128315384941,0.446925856229284,2.741209575555705,1129205747,0.7355996696864348,15.507538264211272,actual
East Asia & Pacific,EAP,1989,1575212136,3,0.7811305718365705,0.3564541355832617,0.19534366845904397,0.536046030929462,2.5882758055052753,1230446357,0.7887901257348165,17.12288674877225,actual
East Asia & Pacific,EAP,1990,1600854036,3,0.7688661962704647,0.3451786677553628,0.187195067490802,0.5161383577577355,2.6711262260694992,1230842553,0.7773717649530659,16.70993301915688,actual
East Asia & Pacific,EAP,1991,1625616183,3,0.7561481879838317,0.3360758316468155,0.18090752171346858,0.5004982743986186,2.7593422557176432,1229206731,0.7650441622321491,16.362634217781867,actual
East Asia & Pacific,EAP,1992,1648993015,3,0.7361072556718297,0.32289607855361746,0.17213197680927625,0.47830323985910056,2.8744172306786493,1213835723,0.7456783812571168,15.881613444111434,actual
East Asia & Pacific,EAP,1993,1671726955,3,0.7156856604869917,0.31006014682891436,0.1636950349587085,0.45690266697634824,2.979342792154859,1196431010,0.7259212118130135,15.419875041185932,actual
East Asia & Pacific,EAP,1994,1694369394,3,0.670751463238503,0.2734421738550648,0.13909325858970142,0.3954263879807437,3.216844325333728,1136500750,0.681826330551042,14.142091175674546,actual
East Asia & Pacific,EAP,1995,1716730265,3,0.6274799744147238,0.2453381159749144,0.12172680537492098,0.35037560216197755,3.4608961202725252,1077213863,0.6394612399454875,13.204216418859856,actual
East Asia & Pacific,EAP,1996,1738765293,3,0.5864273337918415,0.22266733517438445,0.10831503357918892,0.3147529590514471,3.7309205957643146,1019659495,0.5997029681772981,12.440020710832172,actual
East Asia & Pacific,EAP,1997,1760651634,3,0.5785317643728715,0.22265697376089594,0.10949537409180218,0.31646819064366,3.8250041240047277,1018592896,0.5926812964827552,12.431557695767905,actual
East Asia & Pacific,EAP,1998,1781691870,3,0.581890164746651,0.23092242112238182,0.11601190147091847,0.3315866870595139,3.794427473405657,1036748976,0.5963078208242685,12.712977173453956,actual
East Asia & Pacific,EAP,1999,1801084085,3,0.5544580766197401,0.21176853864950734,0.10409566486161533,0.3011601811481737,3.949918956466842,998625618,0.5682760100367173,12.095128644610089,actual
East Asia & Pacific,EAP,2000,1819166064,3,0.5277704901610705,0.19867306063598045,0.09676822477792675,0.2813297914663796,4.163763161760514,960102165,0.5421334299539493,11.623911087925961,actual
East Asia & Pacific,EAP,2001,1836415462,3,0.4986221905553461,0.18458939575606398,0.08896858094225424,0.26013254511793166,4.414669016228241,915677500,0.5134666392299821,11.117676989223666,actual
East Asia & Pacific,EAP,2002,1852812580,3,0.45287789593011957,0.16203560237429554,0.07685067744954638,0.2268353923481078,4.783705021409012,839097863,0.4684380061991666,10.373818024556062,actual
East Asia & Pacific,EAP,2003,1868562106,3,0.41253822646732613,0.1397539184043243,0.06366276284483244,0.192093236525027,5.1199527641420595,770853297,0.43087819454236825,9.586317939861422,actual
East Asia & Pacific,EAP,2004,1883825803,3,0.3735504372759903,0.12042442853463835,0.05271363467582071,0.16270084003138802,5.483934674370424,703703952,0.4131996856124516,8.903856841997724,actual
East Asia & Pacific,EAP,2005,1899002562,3,0.32707699114523603,0.09875931476360182,0.04122772661823681,0.1310357801404725,5.919521551816319,621120044,0.38982735656702844,8.16917526437491,actual
East Asia & Pacific,EAP,2006,1914148807,3,0.31394269217786663,0.09549374204396312,0.04012189895195874,0.12701182418398074,6.2466252324282925,600933030,0.3891614338186956,7.963298388505819,actual
East Asia & Pacific,EAP,2007,1929329479,3,0.28349599607488984,0.08474697385697835,0.0351884237434418,0.1121477891501786,6.692250160185387,546957182,0.3732584081296268,7.510009163500889,actual
East Asia & Pacific,EAP,2008,1944447883,3,0.26452502249870946,0.07869305161299982,0.032607763618823435,0.10402830431835153,7.046351999152318,514355120,0.3654393802911368,7.246042050166434,actual
East Asia & Pacific,EAP,2009,1959157041,3,0.24139229306436905,0.0699972478750798,0.028378680165485757,0.09172017509482455,7.540694418081336,472925411,0.35560553966755054,6.851041744304545,actual
East Asia & Pacific,EAP,2010,1973739924,3,0.21185827637732174,0.05959995160413077,0.023355352155657188,0.07710999538498486,8.253740865347215,418153138,0.3454471399139554,6.356264234648015,actual
East Asia & Pacific,EAP,2011,1989243347,3,0.1738791912878942,0.046626489957584644,0.01749738721754167,0.05952242854512921,8.795341764355289,345888024,0.32735785962417735,5.842445541444482,actual
East Asia & Pacific,EAP,2012,2006702186,3,0.15006325904774603,0.038666219942384755,0.013971599188440513,0.05550408410378643,9.479796033513237,301132270,0.31733548485759316,5.437477789684952,actual
East Asia & Pacific,EAP,2013,2023985087,3,0.1006338639933914,0.020937511085404394,0.00651457478290234,0.0255640525516617,10.400249028252356,203681440,0.2876731105099782,4.714409302436373,actual
East Asia & Pacific,EAP,2014,2040517890,3,0.08669891921778501,0.01731404265146732,0.005307807624677546,0.021093154101758393,11.041847602590511,176910696,0.2787895809289918,4.435393728494196,actual
East Asia & Pacific,EAP,2015,2056184012,3,0.06745261325675102,0.013190328818343878,0.004109053159072844,0.042667890090626326,11.730895087794545,138694985,0.2658806954213267,4.14519869216281,actual
East Asia & Pacific,EAP,2016,2071618105,3,0.055396175471845194,0.010395284948898647,0.0032267259668628135,0.03513079036825333,12.402625835916389,114759720,0.2584825188376749,3.897650293364195,actual
East Asia & Pacific,EAP,2017,2087369203,3,0.04550310930638558,0.008275727039099092,0.0025611889646358125,0.028866715601027843,13.039782710080441,94981789,0.2535186900122346,3.7192555749908895,actual
East Asia & Pacific,EAP,2018,2100828114,3,0.035328319861576495,0.006654982326581412,0.002172052445677614,0.025166793807177755,13.767153066449163,74218728,0.24377823123436224,3.5051366265019106,actual
East Asia & Pacific,EAP,2019,2112417614,3,0.026971994160641798,0.0055811864352306425,0.001866733743963957,0.02187322459233899,14.474740199035926,56976116,0.23352637762305153,3.31749607039452,actual
East Asia & Pacific,EAP,2020,2121993018,3,0.02860152986070281,0.0060514374214434554,0.002055502665671481,0.023721821217364318,14.031505028088368,60692247,0.22568805876725712,3.346598249069348,actual
East Asia & Pacific,EAP,2021,2128679440,3,0.02750196962446631,0.005929653912980045,0.0020574823966690078,0.023292777659415457,15.34938187805597,58542877,0.21198284897058314,3.091820242517158,actual
East Asia & Pacific,EAP,2022,2133684388,3,0.025290759385890805,0.005332231956400483,0.0018389783517754204,0.020821576749004044,15.5365468090739,53962498,0.20941841978467013,3.0572369462603666,actual
East Asia & Pacific,EAP,2023,2137650020,3,0.02267398458621417,0.0046930334880979615,0.0016100664395076907,0.01822032542453406,16.126294971573568,48469044,0.2054863664106428,2.9602274743558254,actual
East Asia & Pacific,EAP,2024,2139875559,3,0.020275144962344758,0.004143524745356178,0.00142554752273075,0.016021357344374036,16.671880730173807,43386287,0.20222082258161733,2.8708546250624485,nowcast
East Asia & Pacific,EAP,2025,2142019594,3,0.018884593853852643,0.0038678785411971586,0.001337166074991337,0.01489044091840229,17.18329161705426,40451170,0.20113576706011047,2.7970399135773985,nowcast
Europe & Central Asia,ECA,1981,430947785,3,0.07117103552983668,0.02229143789179907,0.011199491554959416,0.03393457170513657,14.765750203334864,30671000,0.23964386322179143,4.0220989326121135,projection
Europe & Central Asia,ECA,1982,434958162,3,0.07090070105755018,0.0223155809135648,0.011236657287837584,0.034006547925127334,14.742551018457242,30838839,0.23977363809625316,4.02193128359997,projection
Europe & Central Asia,ECA,1983,439079234,3,0.06905857889106475,0.02191445078947071,0.011113890839729619,0.03352405761617528,14.962976184257348,30322188,0.23846161695785192,3.9728918370128725,projection
Europe & Central Asia,ECA,1984,443473170,3,0.06944442551735121,0.022510495747596906,0.011633258629921414,0.0348551102419394,15.06343790807687,30796740,0.23914283080970572,3.9995622919601233,projection
Europe & Central Asia,ECA,1985,447857555,3,0.06921240860374911,0.022531720590031015,0.011702990568248651,0.03497964730188627,15.189647761762494,30997300,0.23745158405199754,3.982531402084703,projection
Europe & Central Asia,ECA,1986,452200560,3,0.0691574749879382,0.022921800488914137,0.01210206775081884,0.03594230870894239,15.388565343972811,31273049,0.2405359520620834,3.999850811940489,projection
Europe & Central Asia,ECA,1987,456537190,3,0.06852673688401949,0.023098583258947914,0.012392690498008166,0.03658638752551399,15.437578940122028,31285004,0.23802246209215536,4.000618391932307,projection
Europe & Central Asia,ECA,1988,460674164,3,0.06669931724220496,0.022343731876005465,0.011922672550273081,0.0352263877946452,15.673165324587508,30726652,0.24020424078409588,3.9362803546990617,projection
Europe & Central Asia,ECA,1989,464397346,3,0.068163657800663,0.022955816452222378,0.01222424279809687,0.03611674661389584,15.787396075510182,31655022,0.239617069110578,3.957510206365321,projection
Europe & Central Asia,ECA,1990,467068487,3,0.0706865781917304,0.02370449893530359,0.012621102502599173,0.03733867635210381,15.11845066973144,33015473,0.2453101626537773,4.05955858860606,actual
Europe & Central Asia,ECA,1991,469177066,3,0.07938393429628256,0.02635811735201032,0.013844667741539514,0.041243092746194296,14.094619337737775,37245121,0.2509380762224052,4.308885833586783,actual
Europe & Central Asia,ECA,1992,470826702.5,3,0.09565823430868274,0.03233844876983641,0.016857932647338945,0.050377786212156446,12.990737364047465,45038451,0.2634541167671768,4.739667298210057,actual
Europe & Central Asia,ECA,1993,472041630,3,0.10558327584104173,0.035674131931337075,0.01841443607078661,0.055265061286178474,11.631767002228756,49839702,0.2771525960220698,5.12976408362397,actual
Europe & Central Asia,ECA,1994,472904569.5,3,0.13296592946382355,0.04458490986320817,0.022460898429606066,0.06802389980140743,11.106443370589329,62880196,0.2972390061604474,5.623541754662091,actual
Europe & Central Asia,ECA,1995,473500244,3,0.12829714202483455,0.04580918129965862,0.023991367828963123,0.07127114740252818,12.040020861384987,60748728,0.29422759975029206,5.454283148209073,actual
Europe & Central Asia,ECA,1996,473933987.5,3,0.13178191527244723,0.04672304053152884,0.02468684648866834,0.07298730215072657,11.512778507686052,62455929,0.2966344121833797,5.660495498757309,actual
Europe & Central Asia,ECA,1997,474155646.5,3,0.12016047361177998,0.0453487284266985,0.02481726671710768,0.0719373156988861,11.376878327874119,56974767,0.28155476645747035,5.506176941026507,actual
Europe & Central Asia,ECA,1998,474160754.5,3,0.12359261391257138,0.045753869207606226,0.02477671821508766,0.07210333001201384,11.433011976449798,58602767,0.28240950899208017,5.534165823548497,actual
Europe & Central Asia,ECA,1999,474003233,3,0.15576952191260687,0.05673920448586315,0.02983138549302575,0.08698488413620989,9.924694422997511,73835257,0.3046018456625325,6.176583813227133,actual
Europe & Central Asia,ECA,2000,473679400.5,3,0.1360944370346082,0.05390543372315745,0.030031313759370456,0.08477785839877712,10.495114321911762,64465131,0.296842373404226,5.908196525361841,actual
Europe & Central Asia,ECA,2001,473220428.5,3,0.12337527644508987,0.049359616598743286,0.02744908241035794,0.07707825400542496,11.06923073143833,58383701,0.286379718658094,5.546882836869498,actual
Europe & Central Asia,ECA,2002,472816388,3,0.1096387030134862,0.04458943513104963,0.024736236681500934,0.0689983895877322,11.79509941952774,51838976,0.27542953372012313,5.179303246165315,actual
Europe & Central Asia,ECA,2003,472823437,3,0.10639131822718838,0.04505536264787004,0.026075414041047452,0.07217545260732719,12.555602405067459,50304309,0.27418766288948604,5.218093511055127,actual
Europe & Central Asia,ECA,2004,472964360.5,3,0.09133076360748064,0.03971633332532878,0.02329733966722207,0.0640399707063765,13.637100544590915,43196196,0.2643682004036842,4.801365835759531,actual
Europe & Central Asia,ECA,2005,473073985.5,3,0.0902387684547953,0.03963752592072399,0.02312116864752983,0.063528429034413,14.488710778300968,42689614,0.25841307968971317,4.626399987321374,actual
Europe & Central Asia,ECA,2006,473393845,3,0.07936322225310964,0.03636041711897312,0.021542661133300556,0.05875206498509588,15.432685288976618,37570061,0.2473309284821848,4.333662603213391,actual
Europe & Central Asia,ECA,2007,473355242.5,3,0.07273906095509329,0.03361336658774957,0.01984287217741317,0.0539605842150969,16.910589368815348,34431416,0.23567401571316773,4.029297435083165,actual
Europe & Central Asia,ECA,2008,474425137,3,0.06692385344858712,0.031222808309248055,0.018376182753253485,0.049835290607884275,18.436310817662633,31750358,0.22429616888537557,3.7125723310269856,actual
Europe & Central Asia,ECA,2009,475994245,3,0.06631393406225078,0.030270725160186536,0.01749094725736533,0.047719655894623375,17.90233741403297,31565051,0.22246592893318062,3.681580607336972,actual
Europe & Central Asia,ECA,2010,477535976,3,0.06646586616916404,0.02998687011545894,0.017113654231314314,0.046948335068907665,18.641721460050103,31739842,0.21852507407088906,3.5911576592039336,actual
Europe & Central Asia,ECA,2011,479340110.5,3,0.06351664134335212,0.028485349895859376,0.01608077380281067,0.044227762171128115,19.24203115011229,30446074,0.2148336146864456,3.456596409433352,actual
Europe & Central Asia,ECA,2012,481381417,3,0.06347209912789338,0.028037500968775927,0.015696079075767467,0.04340717996490485,19.840482667768644,30554289,0.21428229175618468,3.4064363209876865,actual
Europe & Central Asia,ECA,2013,483641334,3,0.01597464254817186,0.004142204721620163,0.0018065455694429348,0.005813941414972377,20.773506130850535,7725997,0.1756263489097607,2.413256775202657,actual
Europe & Central Asia,ECA,2014,485972060.5,3,0.018311676698756153,0.005896097744625593,0.0030134987392866574,0.009185522482120862,20.898845894531995,8898963,0.17800988427690978,2.498869345194795,actual
Europe & Central Asia,ECA,2015,488240473.5,3,0.017226043017770743,0.004879256721587804,0.002264296263428266,0.007060836947356074,20.25299771054157,8410451,0.17308096526579125,2.4549611779464664,actual
Europe & Central Asia,ECA,2016,490513902.5,3,0.013570681384067525,0.004182332558429568,0.002157243436254445,0.006620427497416167,20.368519084004706,6656608,0.17311032530352788,2.424598024227072,actual
Europe & Central Asia,ECA,2017,492644744.5,3,0.01430438268983358,0.00436846924837267,0.002206329670997124,0.006768121780612415,21.006022163956686,7046979,0.169701608817848,2.3534268924974087,actual
Europe & Central Asia,ECA,2018,494657353.5,3,0.011022760920196578,0.0031284119388257626,0.0014546751234218096,0.004568449088317523,21.41952196532756,5452490,0.16314739866090264,2.2359718937170547,actual
Europe & Central Asia,ECA,2019,496759945,3,0.010546040619644242,0.0028966857731825848,0.001280437204562599,0.004097469753444215,22.120463388416685,5238851,0.16292571562435582,2.1681932940098494,actual
Europe & Central Asia,ECA,2020,498113358.5,3,0.011419708653914501,0.0035117676055916717,0.001751348942814011,0.005351482977360941,23.684186652320527,5688309,0.15850585308780066,2.131616481219364,actual
Europe & Central Asia,ECA,2021,497744885,3,0.010848461517409704,0.0035695665781118827,0.0018500906925347828,0.005576382226641721,28.11077528887637,5399766,0.15932696156266987,1.9383041503666698,actual
Europe & Central Asia,ECA,2022,495527570.5,3,0.010636311127080043,0.0036027343002114354,0.001874992146156007,0.005614488625067009,28.58924936855003,5270585,0.1603662067415117,1.9086948430529183,actual
Europe & Central Asia,ECA,2023,493315888,3,0.009637341367588119,0.003340133199019648,0.001773464011039381,0.005272488609539977,30.446270845578113,4754254,0.15782729187204309,1.77373910364298,actual
Europe & Central Asia,ECA,2024,493493112,3,0.009129270253863325,0.0031756814708907895,0.0016877844713495203,0.005010999759130999,31.296799046668035,4505232,0.15657793212241403,1.7267789368212763,nowcast
Europe & Central Asia,ECA,2025,494313347,3,0.008683877874267925,0.0030068499626346155,0.0015999599491129523,0.004742331117571148,31.93824187805197,4292557,0.15556707570724176,1.6920334882262282,nowcast
Latin America & Caribbean,LAC,1981,363707276,3,0.20678515174347437,0.08293929489587695,0.04675243581147222,0.13482938087922655,12.685807886841994,75209264,0.34818031791614673,7.49742451184127,actual
Latin America & Caribbean,LAC,1982,371611051,3,0.21400330539143728,0.08597529757972579,0.048460670555955786,0.13955196839323725,12.564293564327762,79525993,0.35174652247924104,7.623676863418123,actual
Latin America & Caribbean,LAC,1983,379654360,3,0.246785450305228,0.1016706273513685,0.05771046751207846,0.16513069908349828,11.72973640009039,93693172,0.3648430590847303,8.401516613368416,actual
Latin America & Caribbean,LAC,1984,387785677,3,0.2429464850404235,0.09907615770403164,0.05596037232356144,0.1607107874284403,11.81600127515118,94211167,0.36211557363560887,8.305234971866993,actual
Latin America & Caribbean,LAC,1985,395922883,3,0.22615098917680637,0.09156800709303774,0.05166756402291943,0.14882498965255775,11.870390732609465,89538352,0.35723075775889723,7.954611277989802,actual
Latin America & Caribbean,LAC,1986,404042411,3,0.17173671765355972,0.06645231639631213,0.03739631922804384,0.10935224039540317,14.477098661532262,69388917,0.3359948245533474,6.745903028318179,actual
Latin America & Caribbean,LAC,1987,412162093,3,0.20145662066882752,0.08146407527820308,0.04665356264525123,0.13447512390703947,13.143610943048138,83032782,0.34808987812615755,7.529395235528349,actual
Latin America & Caribbean,LAC,1988,420314572,3,0.20677387572883044,0.08676219950154371,0.05095504532548333,0.14586335576035195,12.896921746315655,86910073,0.3478760588098574,7.891745308620895,actual
Latin America & Caribbean,LAC,1989,428474147,3,0.19918050742772314,0.08406036581563768,0.04956973819373752,0.14199177673639318,13.13843288899477,85343698,0.3451172561667882,7.818284899174117,actual
Latin America & Caribbean,LAC,1990,436660341,3,0.21443144999303643,0.0897697507557515,0.05203592190862583,0.14826499796090675,11.991365083239883,93633710,0.35006609855914544,7.929935912216756,actual
Latin America & Caribbean,LAC,1991,444793033,3,0.20758561795144484,0.08652989153057716,0.05028941923247177,0.14379877961019058,11.814561928646883,92332637,0.3456009314129386,7.8398542875066966,actual
Latin America & Caribbean,LAC,1992,452872282,3,0.20875309237475426,0.08731104282473212,0.05133227160828222,0.1469429938449859,11.460215797355652,94538489,0.34514528840129344,8.03745122501657,actual
Latin America & Caribbean,LAC,1993,460906825,3,0.2081610164634046,0.08706479005326315,0.051066588869660735,0.14639122876426336,12.22870986377436,95942833,0.35033069610569295,7.986493463953546,actual
Latin America & Caribbean,LAC,1994,468862052,3,0.20108379334918527,0.08375120752780062,0.049075994698360104,0.1412172835687577,12.623059985983206,94280560,0.34871131989761367,7.785102258781903,actual
Latin America & Caribbean,LAC,1995,476796636,3,0.1910720860868844,0.07814189820428748,0.04520796733877968,0.1307597041604197,13.117058842086767,91102528,0.3442966266900742,7.519271094118687,actual
Latin America & Caribbean,LAC,1996,484667880,3,0.20508724315011068,0.08696374791656343,0.05182084260677436,0.1485588610057665,12.952345763838897,99399199,0.3520985613133653,8.084501533562753,actual
Latin America & Caribbean,LAC,1997,492482495,3,0.20044403931736213,0.08558709950316339,0.050902185236619484,0.14551838548517135,13.258960988029022,98715181,0.3519356901947324,7.901110807074436,actual
Latin America & Caribbean,LAC,1998,500308570,3,0.19775763825239848,0.08457200447933858,0.05031326434060972,0.14379161247838892,13.528425472793145,98939841,0.34880332970293654,7.830459728650502,actual
Latin America & Caribbean,LAC,1999,508063703,3,0.20063678803136262,0.08604336398519352,0.05132347923725884,0.14698019626618208,13.076648278371032,101936269,0.35110540838158405,7.994837152097509,actual
Latin America & Caribbean,LAC,2000,515590262,3,0.18633802771694905,0.07941606259121872,0.04766632277705438,0.13683499308726219,13.727281755311958,96074073,0.345159240954055,7.65818423312675,actual
Latin America & Caribbean,LAC,2001,522877879,3,0.18392690657805622,0.07686377796843051,0.045183752720767904,0.12913696384281903,13.778010801616354,96171311,0.343555657925681,7.299802629850633,actual
Latin America & Caribbean,LAC,2002,529982351,3,0.17527359289338995,0.06972571698495116,0.03929006925476253,0.11309638523719871,13.615805933664726,92891911,0.34184487018887966,6.792012725121074,actual
Latin America & Caribbean,LAC,2003,536918721,3,0.1704749653791088,0.06790247325021753,0.03852425770376114,0.11084280006195907,13.70319971505734,91531200,0.33675306667872007,6.7164795399252,actual
Latin America & Caribbean,LAC,2004,543716438,3,0.1571610679194228,0.06163567765730575,0.03458372412048397,0.09977543255101572,13.97482652112658,85451056,0.3301082977026836,6.3492725830675925,actual
Latin America & Caribbean,LAC,2005,550371741,3,0.1464042927027243,0.059093418226072024,0.033665819161569195,0.09663025871395813,14.768118932345446,80576785,0.3258096918554298,6.15534221447174,actual
Latin America & Caribbean,LAC,2006,557003859,3,0.12333069083192692,0.04849572873400298,0.02720405973266735,0.07830412762159421,15.85115318513136,68695671,0.3147439357620844,5.479649569685423,actual
Latin America & Caribbean,LAC,2007,563605218,3,0.11105823695970798,0.04144238075400965,0.02248349346446763,0.06558958942881464,16.44685307195217,62593002,0.3086224464640517,5.034153565598187,actual
Latin America & Caribbean,LAC,2008,570177672,3,0.10205357012643058,0.03759000989168238,0.020147712991745403,0.05902321252760403,16.995346578170047,58188667,0.3023136066438121,4.7774294837918285,actual
Latin America & Caribbean,LAC,2009,576665478,3,0.09768005310958348,0.03555331392000047,0.01887093849803304,0.05543500413046015,16.993047116747203,56328715,0.2985083488487044,4.658419818908628,actual
Latin America & Caribbean,LAC,2010,583034181,3,0.08692073784021183,0.03152189955791412,0.016740820654890284,0.04922874725714172,17.582610368178496,50677761,0.29097219067469127,4.398510564017173,actual
Latin America & Caribbean,LAC,2011,589387094,3,0.07924733995072222,0.028992136286245716,0.015508292525597309,0.04550335704481565,18.312843034454595,46707359,0.2852064951549312,4.218144088012949,actual
Latin America & Caribbean,LAC,2012,595740249,3,0.07560772762916573,0.0268525563885555,0.014075490081900443,0.0415802515148409,19.032441270784762,45042566,0.2845864039956994,4.052174551494257,actual
Latin America & Caribbean,LAC,2013,602020041,3,0.06856609474203199,0.0236858572294518,0.01216030096180569,0.03635612195271918,19.522932582938875,41278163,0.27931640273534986,3.8592224133287165,actual
Latin America & Caribbean,LAC,2014,608220429,3,0.06481439654597092,0.022051611244686055,0.011225308355617674,0.033861788616310715,19.527258656050304,39421440,0.2751645270215659,3.7953600186498435,actual
Latin America & Caribbean,LAC,2015,614277357,3,0.061121984088230795,0.02044120996971453,0.01009629521567448,0.030551351052308735,19.937569255312127,37545851,0.2722115466382952,3.60024470094536,actual
Latin America & Caribbean,LAC,2016,620192706,3,0.06284396864990391,0.021867101830003583,0.011124601487389675,0.03309661270730356,20.11082565858455,38975371,0.2739846977126563,3.6541513091862305,actual
Latin America & Caribbean,LAC,2017,625934025,3,0.062001667164220425,0.02202705782551522,0.011312743580320563,0.033482768967022174,20.262931504478374,38808953,0.2710609512128596,3.6245992683441126,actual
Latin America & Caribbean,LAC,2018,631410622,3,0.061065165917791334,0.021825566854585962,0.01123401655884701,0.03317448708536286,20.45677215492331,38557194,0.26924004087031606,3.59655754126141,actual
Latin America & Caribbean,LAC,2019,636578789,3,0.061971966967047015,0.02223186550661876,0.011530368093950862,0.03401681228793717,20.495733079530204,39450040,0.2715971974509062,3.604058250883765,actual
Latin America & Caribbean,LAC,2020,641135529,3,0.058174401835518634,0.020615000635109217,0.010852826240727306,0.03228758808550739,19.391203195562095,37297676,0.25769474956238225,3.6414824142357034,actual
Latin America & Caribbean,LAC,2021,644892429,3,0.06454423920078378,0.02347321304804006,0.012126176892733534,0.03572100189264382,19.58480958787749,41624091,0.2687202382171518,3.678749312925847,actual
Latin America & Caribbean,LAC,2022,648804795,3,0.051818794450808024,0.018369336000385258,0.009523349026598654,0.02832737485222615,20.730196167810146,33620282,0.2588590608485006,3.3909415277251274,actual
Latin America & Caribbean,LAC,2023,653324554,3,0.04694213668594221,0.016467424166397807,0.008617724744104806,0.02570592863381256,21.393340385976654,30668451,0.25873293400702146,3.269550304757113,actual
Latin America & Caribbean,LAC,2024,657893350,3,0.04606628250147428,0.016300182127234688,0.008553115030119022,0.025468043697021752,21.706599809883866,30306701,0.2582088785509875,3.2034269040342678,nowcast
Latin America & Caribbean,LAC,2025,662317635,3,0.04567562386441794,0.016128529835946422,0.008479565424401939,0.025209917515400006,21.97910926190404,30251771,0.25983534994058977,3.1748184475645616,nowcast
Middle East & North Africa,MNA,1981,178069284,3,0.15360458896744578,0.03831063268961141,0.013914855567140345,0.048533701241809696,7.888485281922959,27352259,0.2977007460634833,5.8168283471763,projection
Middle East & North Africa,MNA,1982,184388941,3,0.14837181181691342,0.03683872489676688,0.013353366368634472,0.04663450851325623,7.915338265066967,27358121,0.29567337132350774,5.756286129786085,projection
Middle East & North Africa,MNA,1983,190311828,3,0.14106976609205335,0.03410116262621775,0.012118024253368175,0.04290899700436934,8.056420114615499,26847245,0.29348973311123205,5.6507241607016185,projection
Middle East & North Africa,MNA,1984,196538607,3,0.1342107903857829,0.03193984390613202,0.011233211871756101,0.040064308324804204,8.199655958776026,26377602,0.2907671461534396,5.551847333143294,projection
Middle East & North Africa,MNA,1985,202892063,3,0.13127143398970706,0.03118047643668812,0.010976249379254985,0.03912504953512915,8.2963623196239,26633932,0.2894265564416839,5.500061942588604,actual
Middle East & North Africa,MNA,1986,209355789,3,0.1337784728348284,0.032546687557559704,0.011784555112278057,0.041207790155066974,8.136803881301976,28007298,0.2909818092183968,5.566990820206798,actual
Middle East & North Africa,MNA,1987,215853688,3,0.14061614437305098,0.0353903674367056,0.013244660947133656,0.045285335274135335,7.929289774435122,30352513,0.29384629099581333,5.693955149810604,actual
Middle East & North Africa,MNA,1988,222186470,3,0.13638049209846886,0.034221081674947376,0.0128138743304361,0.04381297233071107,7.89456205312814,30301900,0.29220629317305746,5.650860840867996,actual
Middle East & North Africa,MNA,1989,228487719,3,0.13585939312932005,0.03390352258846182,0.012696420706194034,0.04341533766983245,7.707933255598448,31042203,0.29381290274965033,5.687988575735668,actual
Middle East & North Africa,MNA,1990,234884918,3,0.12404881645740094,0.02975779133774466,0.010694618257563853,0.03760450608575863,8.044710630811446,29137196,0.2861335253141006,5.436284543004715,actual
Middle East & North Africa,MNA,1991,241162843,3,0.12618852630691105,0.028120147340462365,0.009456564664351633,0.03488260656949534,7.996531647242828,30431984,0.2900648422816179,5.478237654827993,actual
Middle East & North Africa,MNA,1992,247108356,3,0.11479564454221622,0.024783186090252998,0.00811117004699175,0.03052286290613808,8.194320240532269,28366963,0.2833102927225829,5.320323004820079,actual
Middle East & North Africa,MNA,1993,252429871,3,0.11014313823037017,0.02355852350089388,0.007639336124104625,0.028951058942497294,8.262464591825108,27803418,0.2792058101295603,5.253228395308737,actual
Middle East & North Africa,MNA,1994,257558357,3,0.105708093686695,0.022236092464787548,0.007081564511986396,0.027189920928459017,8.303310337636347,27226003,0.27651986405130874,5.206905630313111,actual
Middle East & North Africa,MNA,1995,262919728,3,0.10603034033407359,0.022877578535799505,0.007477379511287859,0.028163877494626472,8.297414818875053,27877468,0.2757739061886234,5.225240326091584,actual
Middle East & North Africa,MNA,1996,268205494,3,0.09512591476703157,0.020360214673617944,0.006593686899645731,0.025009209684055605,8.556758763764346,25513293,0.26960245206243383,5.068888873082242,actual
Middle East & North Africa,MNA,1997,273541741,3,0.09079460619576984,0.020163572934241723,0.006669905857773117,0.024898795737201666,8.739980131777084,24836115,0.2657952436564508,4.973605742180116,actual
Middle East & North Africa,MNA,1998,279016104,3,0.08369189961656864,0.019242004568000005,0.006436841454884014,0.023821269733624167,9.171396334279317,23351388,0.25959728684547617,4.798947029972659,actual
Middle East & North Africa,MNA,1999,284593166,3,0.07940422859888419,0.01864350456901498,0.006304292583077263,0.023182331488036483,9.321458828407362,22597901,0.2565738538191925,4.713692701848141,actual
Middle East & North Africa,MNA,2000,290253199,3,0.073323553685859,0.016659785133502834,0.005548872600414152,0.020679704770241208,9.66041713568976,21282396,0.2521307444442431,4.570958727411277,actual
Middle East & North Africa,MNA,2001,295978665,3,0.07173529784143143,0.015969038133595497,0.005300521137406296,0.01983294229429389,9.719543143181264,21232118,0.2515604179640834,4.553379630512045,actual
Middle East & North Africa,MNA,2002,301276990,3,0.06636035228070243,0.014135589203136728,0.004614271131737792,0.017507359195814785,9.919158515366808,19992847,0.24825593079879818,4.474910555860061,projection
Middle East & North Africa,MNA,2003,306809105,3,0.061755674777597754,0.012667273409679299,0.0040780784229979515,0.015646980104933435,9.988556692289913,18947203,0.2474417905343978,4.467699614371909,actual
Middle East & North Africa,MNA,2004,313176750,3,0.05714983954329515,0.011703993907590379,0.003797821981160008,0.014492457579037964,10.61388700384075,17898001,0.23885723693053063,4.284649867485948,actual
Middle East & North Africa,MNA,2005,319842800,3,0.05497937406919561,0.011390030529822215,0.003724797865447297,0.014130417082059345,10.718551336555139,17584757,0.23639359483417458,4.252038828022255,actual
Middle East & North Africa,MNA,2006,326566475,3,0.05235795833556097,0.010856689747217211,0.0035458269355661542,0.01346376809393192,10.91506079122764,17098354,0.2362056157161192,4.203541257345609,actual
Middle East & North Africa,MNA,2007,333005196,3,0.050815797137550675,0.010737572529360622,0.0036022167670572334,0.013439164019202633,11.075767267554749,16921924,0.23474088702086487,4.161472078618274,actual
Middle East & North Africa,MNA,2008,339326787,3,0.049652828790291814,0.0108613784486678,0.003791290583876546,0.013777699723106922,11.129796210899144,16848535,0.23151049515028152,4.123828622273984,actual
Middle East & North Africa,MNA,2009,345880275,3,0.04610933744497489,0.010554807437340562,0.003867989750188582,0.013615769145134994,11.28722350970344,15948310,0.2259338183001762,4.02160568875475,actual
Middle East & North Africa,MNA,2010,352630348,3,0.039877177671633984,0.00909112153779511,0.003312883251341106,0.011706019543748766,11.282168324440438,14061903,0.21698804291888046,3.9196954502899946,actual
Middle East & North Africa,MNA,2011,359629029,3,0.04064137952770822,0.00979260505200687,0.0036575284735445523,0.012653067585495075,11.10866966565124,14615820,0.2106412802111151,3.90056562448324,actual
Middle East & North Africa,MNA,2012,366886935,3,0.04077231372543867,0.009582145132977504,0.0035314699597845927,0.012324737170091218,10.933682708703673,14958829,0.20550756719513916,3.8865046467584756,actual
Middle East & North Africa,MNA,2013,374288518,3,0.0456872429229694,0.010825797504792976,0.003869181346956064,0.013743982920421316,10.673836457471614,17100210,0.2049594864132962,3.9676082645031694,actual
Middle East & North Africa,MNA,2014,381509331,3,0.05230776895201122,0.012986475584764061,0.004812566633611799,0.016648903057453167,10.593743115843306,19955902,0.20925226455112542,4.053417128690879,actual
Middle East & North Africa,MNA,2015,388414934,3,0.06475559753168361,0.01834419743158867,0.0075175043657417125,0.024345872950034236,10.671818040196662,25152041,0.21901043226296904,4.193131557821636,actual
Middle East & North Africa,MNA,2016,395389311,3,0.07532042207756377,0.022526059265482453,0.009624548856479221,0.03035599743891725,10.647909442126599,29780890,0.23004208898232212,4.362290381587916,actual
Middle East & North Africa,MNA,2017,402342108,3,0.07491561723763339,0.022988828224199374,0.010050612050369691,0.03130655834626226,10.74097955585943,30141707,0.23334997338737085,4.375353621932292,actual
Middle East & North Africa,MNA,2018,409373378,3,0.07459751689693281,0.023285030061002736,0.010303103479433149,0.031878992535599726,10.729618624602846,30538237,0.23384224057845326,4.388710983994348,actual
Middle East & North Africa,MNA,2019,416425218,3,0.07508327106532381,0.023681849458487152,0.010574804116372885,0.03257161831934193,10.619581890877567,31266568,0.23478684371042344,4.40899819546698,projection
Middle East & North Africa,MNA,2020,422983799,3,0.08622407832647765,0.028247578690009132,0.012992280692878814,0.03935199780110889,9.97890053270151,36471388,0.2431279178192659,4.689020507441687,actual
Middle East & North Africa,MNA,2021,429481013,3,0.08640153121476649,0.029042339762755214,0.013606002283664757,0.040765118782637826,10.158826899802039,37107817,0.24075692194009854,4.649415747361335,actual
Middle East & North Africa,MNA,2022,436959374,3,0.0849088669382523,0.02906624725569372,0.013759102268658698,0.04095372695835671,10.359970464120261,37101725,0.23707228793248525,4.583955354184262,actual
Middle East & North Africa,MNA,2023,445167458,3,0.08717638863582694,0.030746687982822464,0.014813619614512767,0.0436715246842285,10.487420396009302,38808091,0.23768965405550443,4.611709464784548,actual
Middle East & North Africa,MNA,2024,453017545,3,0.09029855557890962,0.03232742709454431,0.015713515276024295,0.04611039901790866,10.499954905601884,40906830,0.2399705338129759,4.663384702752062,nowcast
Middle East & North Africa,MNA,2025,460264144,3,0.0943146171995876,0.03421746076396256,0.016857850952559844,0.049127193001808143,10.520241277081064,43409637,0.24413355559218777,4.719077628864538,nowcast
Other High Income Countries,OHI,1981,842932908,3,0.00962438663857165,0.004513938504375856,0.0030493383091241,0.00888599860426032,39.8827174938229,8112712,0.15459204909848187,1.4966249793887534,actual
Other High Income Countries,OHI,1982,849090750,3,0.009629413012264316,0.0046652999419386845,0.0032305104284454417,0.009380677750384342,40.60003944388913,8176246,0.15709743818481325,1.4932421575233976,actual
Other High Income Countries,OHI,1983,854890905,3,0.008876652791949623,0.004496009427946906,0.003140803155322221,0.009063610554676752,41.30573482093798,7588570,0.15931371054646415,1.4632162805104172,actual
Other High Income Countries,OHI,1984,860299622,3,0.008898687346654114,0.0040997682470447,0.0028508891956416133,0.008287203294236394,42.41740339094272,7655537,0.15792788107744415,1.4271366226128945,actual
Other High Income Countries,OHI,1985,865752734,3,0.008548771988578006,0.004018825960267138,0.002787817871391975,0.008075215085140348,43.24071924472463,7401123,0.15828567553688153,1.3932276156881762,actual
Other High Income Countries,OHI,1986,871419408,3,0.008290837990752609,0.0041741484488356595,0.0029831175523976003,0.00853608533304123,44.4258000938791,7224797,0.15719738389767832,1.367812434475839,actual
Other High Income Countries,OHI,1987,877278526,3,0.007538882547814076,0.0040596626431479346,0.0029393972695785898,0.008501699094602707,46.27295369980508,6613700,0.15711717417398147,1.3274024314989539,actual
Other High Income Countries,OHI,1988,883403363,3,0.00675427592698225,0.0035975578151004007,0.002570377268322233,0.0075261437770570575,47.60745516226181,5966750,0.1550248152028825,1.248824969343748,actual
Other High Income Countries,OHI,1989,890201548,3,0.006297169170046431,0.0034482614902186133,0.0024941242895378133,0.007288425280526921,48.916513435212266,5605750,0.15354163864339654,1.2104081530039437,actual
Other High Income Countries,OHI,1990,896965640,3,0.006269058811075242,0.0034314985947258027,0.002504897626178915,0.0072816749550155225,49.34087259840346,5623130,0.1540588059003128,1.1979826327231817,actual
Other High Income Countries,OHI,1991,904767744,3,0.006403825576710623,0.003674164561509437,0.0027227396906276597,0.007809941229667862,49.675045821744476,5793975,0.15647936338539958,1.1999682883161626,actual
Other High Income Countries,OHI,1992,913149136,3,0.007043175323846863,0.0038782300733145674,0.0028761525198401747,0.008191715432081451,50.048660517201455,6431469,0.15853955805528006,1.2046678598211835,actual
Other High Income Countries,OHI,1993,920882889,3,0.008279786969937806,0.0044148739321575895,0.0033130694056423024,0.009389626983983863,50.382806693577095,7624714,0.16258606841130704,1.2585955948928762,actual
Other High Income Countries,OHI,1994,928052497,3,0.007910425212948515,0.004436088463790898,0.0033150640233009566,0.00930937527556569,51.28124950287291,7341290,0.1625708979087817,1.2213717254180845,actual
Other High Income Countries,OHI,1995,935012745,3,0.007735867897908086,0.004216186608752436,0.0031607430069556484,0.008835080814029733,52.11419702232449,7233135,0.1589561121977878,1.1921301978097243,actual
Other High Income Countries,OHI,1996,942168995,3,0.006996232801660763,0.004164511617611445,0.003191901510072892,0.009051773296471607,53.004714008662106,6591634,0.16095892151948654,1.1892795765841964,actual
Other High Income Countries,OHI,1997,949171428,3,0.006867673258980174,0.004290526836054433,0.0033148133787868983,0.009474919605558147,54.103052554022426,6518599,0.15852838340931577,1.1988031005953383,actual
Other High Income Countries,OHI,1998,955970892,3,0.00679137659731138,0.004610810654650703,0.0036260333427549866,0.010188374010403446,55.3866124041443,6492358,0.15845113240123182,1.2101112695358878,actual
Other High Income Countries,OHI,1999,962685948,3,0.0064448082176093435,0.0041877009995893435,0.00328331515223526,0.00933641355088713,56.863141358725066,6204326,0.15640845819934907,1.155880698394862,actual
Other High Income Countries,OHI,2000,969875857,3,0.0061137028475245995,0.004101298447016757,0.0032403068417814346,0.009163066797914498,58.23387665710682,5929533,0.15440355548665902,1.132245867373484,actual
Other High Income Countries,OHI,2001,977324706,3,0.007029330120581951,0.004496826293614461,0.0035662046492830157,0.009989205995409036,58.69633888234348,6869938,0.1550622909502883,1.1409051972101478,actual
Other High Income Countries,OHI,2002,984790672,3,0.007206436521577519,0.004427474418718695,0.0035111870901009365,0.00983023383142026,59.16652824646118,7096831,0.15573792316698556,1.1293287803805216,actual
Other High Income Countries,OHI,2003,992043887,3,0.0070662940124149995,0.004599318434445682,0.003607377097646104,0.01017786617978515,59.89285806848824,7010074,0.15408794558273678,1.1398199680647632,actual
Other High Income Countries,OHI,2004,999493239,3,0.0064207081423939905,0.004527926366129222,0.0036338540682422107,0.010277280266337245,60.48972608115681,6417454,0.15259445186916035,1.143701609106696,actual
Other High Income Countries,OHI,2005,1006943943,3,0.006328346675150158,0.004493356635562439,0.0036212537458835937,0.010268054142692605,61.42363440044716,6372290,0.15463212774920035,1.1356406983360117,actual
Other High Income Countries,OHI,2006,1015044655,3,0.006148185444836533,0.004395416761948418,0.003544496788983721,0.010037391790964667,62.500282270274035,6240683,0.15507600726871157,1.1200786827221965,actual
Other High Income Countries,OHI,2007,1023958904,3,0.006048333695671883,0.004205139095724769,0.003369971160720653,0.009595350740482563,64.11812748762806,6193245,0.1556999794957019,1.080879781446483,actual
Other High Income Countries,OHI,2008,1033065841,3,0.006122177482126515,0.004398889475664594,0.0035589936557580883,0.010001122096423447,63.60288932154754,6324612,0.15742847270414956,1.1100141596983744,actual
Other High Income Countries,OHI,2009,1040871861,3,0.006332371995151613,0.004220194793981064,0.003346318372909528,0.00945181280651858,63.45872105331421,6591188,0.15437409167216545,1.0736219251008083,actual
Other High Income Countries,OHI,2010,1046574001,3,0.006998164933850242,0.004441424927659361,0.0035752126406377377,0.010082241288776115,62.60584170016126,7324097,0.1530869905891399,1.1087940749852765,actual
Other High Income Countries,OHI,2011,1051607561,3,0.006173340488635116,0.0043457440148272864,0.003491195865199536,0.009924085258419412,62.59380298218524,6491932,0.15592896714695134,1.1203166702646294,actual
Other High Income Countries,OHI,2012,1058355056,3,0.007733039039670677,0.0051090654669585615,0.003980017234531813,0.011245446595225894,62.434814021971796,8184301,0.15648647620386852,1.1580238908169622,actual
Other High Income Countries,OHI,2013,1065788408,3,0.007125165767865544,0.004831369889300909,0.003793801144965099,0.010702023231670958,62.30783621200655,7593919,0.15647763132457332,1.1420362602173944,actual
Other High Income Countries,OHI,2014,1072833762,3,0.007179777591957613,0.005057917497624707,0.004070784233016085,0.011468836621541505,62.99950648948957,7702708,0.15183032457900578,1.1629874398484759,actual
Other High Income Countries,OHI,2015,1080611105,3,0.007324419340708237,0.004887904624709392,0.003827452618616316,0.01088471801437309,64.82495778673903,7914849,0.15471657370631373,1.122166456390211,actual
Other High Income Countries,OHI,2016,1088033820,3,0.007483379822418906,0.004804623829671088,0.0038057509705752457,0.010844709449548828,66.63116562640734,8142170,0.15743607825436376,1.1157964575826744,actual
Other High Income Countries,OHI,2017,1093407495,3,0.007142816561222782,0.005049825003631685,0.0040612300220306576,0.01149918500231716,67.42126973733585,7810009,0.15759098428931936,1.1222863823995426,actual
Other High Income Countries,OHI,2018,1097391735,3,0.006772677314982917,0.00471254589323917,0.003743725989282086,0.010663311095965978,69.10038408941934,7432280,0.1581350249737241,1.09212217711988,actual
Other High Income Countries,OHI,2019,1101324825,3,0.0068845825295739994,0.0046046775115938425,0.003581341207821591,0.010169963896364619,71.4584191865714,7582162,0.15776100014511996,1.0386747772367226,actual
Other High Income Countries,OHI,2020,1107753492,3,0.005254527698090545,0.0028187039921183763,0.0021304394951767646,0.006066948417255922,73.29773729998045,5820721,0.1511356829636744,0.8649140260113075,actual
Other High Income Countries,OHI,2021,1107111085,3,0.004951510016263094,0.002527824809289013,0.0019872151191402884,0.005618437108055872,74.30883019912535,5481872,0.14580897501186915,0.8297843239457915,actual
Other High Income Countries,OHI,2022,1113507745,3,0.006998089790046085,0.005047702088352311,0.004101585751357009,0.011570992932828417,73.1123373247964,7792427,0.15361989371088583,1.064299206320729,actual
Other High Income Countries,OHI,2023,1120975671,3,0.006867095157453897,0.00476938919888759,0.003794674270123696,0.010708810281029438,74.34817785694437,7697847,0.15521207171260232,1.0069855431516117,actual
Other High Income Countries,OHI,2024,1124039696,3,0.0068584806819947,0.00474247953237813,0.0037689985836748484,0.010610490542369243,75.3411508340116,7709205,0.1551190567728424,0.9825436865380739,nowcast
Other High Income Countries,OHI,2025,1126419265,3,0.006860634292134259,0.0047334729298791865,0.0037618533672582797,0.010586355479759807,75.82730968324115,7727951,0.15748811162854964,0.9767363898040167,nowcast
South Asia,SAS,1981,923378190,3,0.586545401838275,0.18822550830914872,0.08192334122700771,0.2540983329465609,3.1403923778405733,541603232,0.5870201987703887,11.69585536574372,actual
South Asia,SAS,1982,945429976,3,0.5712728030499901,0.18075956704743132,0.07790569018075429,0.24309606513409066,3.183608987845946,540098432,0.5718713822263386,11.48311565488111,actual
South Asia,SAS,1983,968588030,3,0.5405359818090114,0.16724138410283648,0.07103508698436926,0.2237496243549006,3.2836499122023186,523556682,0.5413019907405915,11.103831363226075,actual
South Asia,SAS,1984,992249656,3,0.5388600427678212,0.16477925029325807,0.06912371639734059,0.2193421826028233,3.3048223598933206,534683692,0.5398017660221696,11.011289289547406,actual
South Asia,SAS,1985,1016278162,3,0.5369811450913708,0.16211770772131945,0.06711659380551425,0.2147011683870227,3.330790986116731,545722211,0.5380745016844861,10.91674072684649,actual
South Asia,SAS,1986,1040673027,3,0.5377748214509953,0.16105273990818375,0.06609240055061696,0.21256696600728409,3.34322177949087,559647751,0.5389104032322511,10.873773940721188,actual
South Asia,SAS,1987,1065320678,3,0.542022476653933,0.16130106532562702,0.0656346432083939,0.21213057514568243,3.3399427978934426,577427752,0.5431541354350488,10.868180167642436,actual
South Asia,SAS,1988,1090292188,3,0.5406268125936667,0.15957490050172252,0.06458542390090605,0.2095770930312183,3.3497639189895465,589441190,0.5417776556631525,10.821477610148325,actual
South Asia,SAS,1989,1115781733,3,0.5340214103693408,0.15585734043241062,0.0628044786681575,0.20464939934006496,3.3706257563475455,595851335,0.5351903854171004,10.737839870814863,actual
South Asia,SAS,1990,1141498254,3,0.5275639159736508,0.1525898767830832,0.06146662301649599,0.20074025704768428,3.3907240535489875,602213289,0.5288599704793021,10.679749815799802,actual
South Asia,SAS,1991,1167357434,3,0.5191971756170184,0.14408494373990793,0.055865562933703296,0.18684743391206748,3.4276968646151884,606088683,0.5205255124295017,10.417165993777262,actual
South Asia,SAS,1992,1193900392,3,0.5023458552780335,0.1336921242318835,0.0499013375650735,0.17119777565371008,3.4953384085164743,599750914,0.5036807662940151,10.123281450310351,actual
South Asia,SAS,1993,1221219670,3,0.4964348733744329,0.12960516591826862,0.04774493098028456,0.1654353829146659,3.5270825285423943,606256032,0.4978331564110504,10.019348530813467,actual
South Asia,SAS,1994,1248304394,3,0.4817235657927635,0.12160697704761002,0.04353435153489874,0.15391255213974125,3.5989224239411626,601337644,0.4831266339847003,9.797774134043708,actual
South Asia,SAS,1995,1275163648,3,0.4772508031304565,0.12034262557680063,0.0433820009905297,0.15283752417745122,3.633025376210823,608572875,0.4786757300070505,9.772982713107135,actual
South Asia,SAS,1996,1302319006,3,0.4686460989131137,0.11531287254288326,0.04044021818754915,0.14509080398862806,3.682358146981683,610326722,0.47009312932415853,9.615856226745876,actual
South Asia,SAS,1997,1329609793,3,0.4674588746580925,0.11427194822097841,0.03967627583208984,0.14324510319066971,3.706471910411961,621537898,0.46911321768562086,9.56943365280734,projection
South Asia,SAS,1998,1357088282,3,0.4692868252845214,0.11571821470751849,0.040449557395690824,0.1453103299459968,3.7216899941266224,636863651,0.4710305150152425,9.590753616593906,projection
South Asia,SAS,1999,1384716971,3,0.4679587400213005,0.11558126285699954,0.04033630229050221,0.14502231530993956,3.739035986901489,647990409,0.46976539593847916,9.573454754092822,projection
South Asia,SAS,2000,1412194936,3,0.46873265203381864,0.11553915905558293,0.040095239128682486,0.14467312665568738,3.7416613517803547,661941878,0.4705944554558108,9.564324286046766,projection
South Asia,SAS,2001,1439704270,3,0.4707862543368244,0.11581845777793365,0.04005177891812055,0.14483743002156863,3.737139196214332,677792981,0.4725070645658973,9.567009183003403,projection
South Asia,SAS,2002,1467185462,3,0.47039488979065286,0.1153553567322669,0.039775921586281,0.14413138823397584,3.7500527608631504,690156544,0.472720054936539,9.549251192410045,actual
South Asia,SAS,2003,1494191087,3,0.46088469933653503,0.11138235261437951,0.03799446601509302,0.1387608736992747,3.806183181557823,688649810,0.4642457838844184,9.433164966952889,actual
South Asia,SAS,2004,1520797241,3,0.44815737366876573,0.1066295011207714,0.03592945084646255,0.13239920643534334,3.8745547588317755,681556497,0.45290887443737476,9.293132878088604,actual
South Asia,SAS,2005,1546744163,3,0.43040767062330104,0.10035548453381259,0.03324670606239394,0.12402145182744116,3.9567827639893522,665730552,0.436550911174252,9.115532170499,actual
South Asia,SAS,2006,1572294133,3,0.4033911904778769,0.09109628699568018,0.029448169409808368,0.11184872967656151,4.066738876345466,634249602,0.41121988954361893,8.857401924842689,actual
South Asia,SAS,2007,1597352539,3,0.3779632996268614,0.08280216085029425,0.02619065331835133,0.10111192957204945,4.166916178336517,603740636,0.38820124243605564,8.622881465737404,actual
South Asia,SAS,2008,1622028899,3,0.3596045169748783,0.0772854416532787,0.024129654930396333,0.09406814436585675,4.243655793720014,583288919,0.3753785052637282,8.458559712533576,actual
South Asia,SAS,2009,1647212835,3,0.34354137761125647,0.07252556219045692,0.022344880505650557,0.08797694033962111,4.30451110924904,565885767,0.36711792439071056,8.320058060384184,actual
South Asia,SAS,2010,1672490146,3,0.3012575784883644,0.06111246375337197,0.018231546094828112,0.07360437990984407,4.509709551315688,503850331,0.3480989800399285,7.9460600082725525,actual
South Asia,SAS,2011,1697466396,3,0.27446314987304143,0.05357566536941675,0.015614897485183916,0.0642052412969797,4.702385572273634,465891974,0.33685994161819616,7.658945637178769,actual
South Asia,SAS,2012,1721780232,3,0.2518759834720819,0.04790073226399335,0.013735636019159577,0.05720854831026828,4.850979343883373,433675089,0.32682694661268014,7.440360168325776,actual
South Asia,SAS,2013,1744358673,3,0.22690325153369256,0.04189688619520603,0.011823191678052488,0.049882491698295915,4.98976979378297,395800655,0.3162038191126187,7.214916921220216,actual
South Asia,SAS,2014,1766896416,3,0.20026903987925238,0.035704576233337164,0.009889591339138847,0.042357381707462796,5.1593045565830185,353854649,0.3041811565459131,6.965340890198081,actual
South Asia,SAS,2015,1788492725,3,0.17141752637750896,0.029528896879621184,0.008010544187967272,0.034894226553855906,5.35744411761802,306578999,0.29175652850738365,6.695142021746558,projection
South Asia,SAS,2016,1809951345,3,0.144595552868666,0.02426196234324483,0.0064671901528619916,0.028578008498899774,5.5622014691057,261710915,0.2782757554494979,6.433765781779819,projection
South Asia,SAS,2017,1831474329,3,0.12278819552869352,0.02010739261943439,0.005261971650633101,0.0236041607921303,5.752950970053489,224883428,0.26675744627381487,6.198156232013326,projection
South Asia,SAS,2018,1852836645,3,0.10628251176363786,0.016887682638651463,0.004347827644177673,0.01976531609528321,5.934689375851097,196924133,0.2558267420383294,5.991372125641049,projection
South Asia,SAS,2019,1874070006,3,0.09687347771489872,0.015315889470870852,0.003918573289956246,0.017903980680585855,6.035076267109078,181547679,0.24948301427476943,5.874276841077173,projection
South Asia,SAS,2020,1895144142,3,0.10301971981981121,0.016289038577382283,0.004175040650945668,0.0190470875821563,5.931083374404018,195237219,0.25289182369940527,5.9609074795321835,actual
South Asia,SAS,2021,1914263569,3,0.08764817795973855,0.013596483808861014,0.003436819985142368,0.015859417972875278,6.117696567692272,167781714,0.24305229456192817,5.766359289161111,actual
South Asia,SAS,2022,1932289074,3,0.07322923397146988,0.011170197636272158,0.0027950735183322785,0.013004457550557801,6.341522262743601,141500049,0.2316580111346789,5.550889176605293,actual
South Asia,SAS,2023,1951539835,3,0.06254243207162632,0.009572157646685274,0.0023817058890145404,0.011130717452564207,6.56446471692158,122054048,0.22179529596678993,5.358653281694836,actual
South Asia,SAS,2024,1971544582,3,0.054382659504303606,0.008243413105080234,0.002035794561209963,0.009572264037362471,6.798264058862403,107217838,0.21426685450001928,5.181454077235023,nowcast
South Asia,SAS,2025,1991833769,3,0.04764541769762784,0.007166504945577922,0.0017576612001688166,0.00831135300420487,7.0236219501788755,94901752,0.20788286446795476,5.021631979558193,nowcast
Sub-Saharan Africa,SSA,1981,401805572,3,0.5670730479465705,0.2623581623222176,0.15356287277421152,0.4230811935039281,4.48977638918635,227853110,0.5884974478051509,15.43258485808959,projection
Sub-Saharan Africa,SSA,1982,414407128,3,0.576307078714746,0.26873102953168987,0.15804054143884874,0.43475722918905263,4.389375749686354,238825761,0.5955624200611369,15.744000139777715,projection
Sub-Saharan Africa,SSA,1983,426899800,3,0.5912281149953228,0.2787928711938862,0.16526084458111318,0.45376036755882193,4.25381364377131,252395164,0.60927597396163935,16.258674061080093,projection
Sub-Saharan Africa,SSA,1984,439338948,3,0.5990063124683624,0.28418118327557457,0.16906522126558157,0.4637880784872957,4.194768971861626,263166803,0.6167591009170486,16.51710911381947,projection
Sub-Saharan Africa,SSA,1985,452261445,3,0.5992659738574109,0.2838785915618184,0.16847404584245904,0.4619886214571437,4.1840319968276685,271024895,0.6163014534524665,16.44014434603632,projection
Sub-Saharan Africa,SSA,1986,465510912,3,0.5980239946681688,0.28322214896450665,0.16833175169018774,0.4617920082968655,4.162376264124061,278386695,0.6160938663773914,16.465716579591124,projection
Sub-Saharan Africa,SSA,1987,479171693,3,0.597949974451233,0.2836424015000302,0.1687536059576428,0.46276980684266894,4.1523027659670495,286520702,0.6160080571666888,16.508542029491135,projection
Sub-Saharan Africa,SSA,1988,492983652,3,0.5986101472514888,0.28317931390483514,0.16816314856235443,0.4613174762917365,4.151859279699554,295105017,0.6153380593154801,16.469638876110405,projection
Sub-Saharan Africa,SSA,1989,507001395,3,0.6027417801185807,0.28686658649774555,0.1710652030446361,0.4687231516034665,4.133698206751812,305590923,0.6194048671079999,16.669198719087593,projection
Sub-Saharan Africa,SSA,1990,521314712,3,0.6085573342758399,0.2921074603905592,0.175214160410633,0.47953511692726064,4.100817869104374,317249891,0.6239003085598643,16.97780070417583,actual
Sub-Saharan Africa,SSA,1991,535621670,3,0.6209664796703439,0.30307569299513504,0.18347422130218796,0.5005107947497205,4.015403682417867,332603103,0.6358179537187296,17.51147746471902,actual
Sub-Saharan Africa,SSA,1992,550274082,3,0.6321417857080962,0.31253276093186005,0.19057427159442772,0.5186393878828417,3.912237610222926,347851241,0.6457734083734168,17.97947209837675,actual
Sub-Saharan Africa,SSA,1993,565570780,3,0.6407088429173231,0.31715247670028507,0.19340649649029287,0.5255626809085666,3.762059262270068,362366200,0.6514551824143768,18.098451478151627,actual
Sub-Saharan Africa,SSA,1994,580801913,3,0.6426602921262585,0.3214692695991682,0.19767278894450085,0.536365395859609,3.719836213430153,373258327,0.6552841033732383,18.435237355136245,actual
Sub-Saharan Africa,SSA,1995,596382250,3,0.6400148930424518,0.3177729101482856,0.19467304474220226,0.5287391368839129,3.7854316443226157,381693522,0.6534807901993207,18.22603490560564,actual
Sub-Saharan Africa,SSA,1996,612553970,3,0.6342478714483625,0.3123377070712598,0.19031230923714162,0.5171853093227889,3.8523362315458316,388511052,0.6476352901674886,17.887771080815256,actual
Sub-Saharan Africa,SSA,1997,628853819,3,0.6302390591284651,0.308886684966759,0.18775005570215564,0.5106100759454044,3.8641950523530424,396328239,0.6443744397477625,17.725827139638724,actual
Sub-Saharan Africa,SSA,1998,645803591,3,0.628725473692429,0.30563178390512197,0.18495586673935888,0.5037666465577085,3.8300164415302036,406033169,0.6427371945576975,17.569703197244202,actual
Sub-Saharan Africa,SSA,1999,663257231,3,0.6269911183136055,0.3020485743400661,0.18218503826613106,0.4972667874028349,3.7849867637269043,415856393,0.6410740052476999,17.460515018343578,actual
Sub-Saharan Africa,SSA,2000,681125107,3,0.6231173689065194,0.30055450288849134,0.18206136873971335,0.4972026950814843,3.757704458260688,424420885,0.637097977305049,17.55870312419177,actual
Sub-Saharan Africa,SSA,2001,699588585,3,0.6148181484015064,0.29366869715662947,0.17685279412163415,0.48423837907270867,3.7754545684626386,430119758,0.6289406993236353,17.24037659870961,actual
Sub-Saharan Africa,SSA,2002,718662153,3,0.6110167728212087,0.28677966574024516,0.1704606506023262,0.4686118996480128,3.8290238330526596,439114629,0.6242616004507003,16.797639606450385,actual
Sub-Saharan Africa,SSA,2003,738316131,3,0.6019754901556235,0.27772567180420527,0.16314814844629263,0.4501949637515302,3.862945642804181,444448215,0.6142755181408325,16.326623473266302,actual
Sub-Saharan Africa,SSA,2004,758653144,3,0.573260563303618,0.2603833906617447,0.1518639960367678,0.42047511982627783,4.048059066615641,434905929,0.5856242504016367,15.620827873154314,actual
Sub-Saharan Africa,SSA,2005,779665113,3,0.5581680764049948,0.2496372716358434,0.1445258557930973,0.4010991052009801,4.198731244335255,435184176,0.5715395624896848,15.123811919885636,actual
Sub-Saharan Africa,SSA,2006,801269368,3,0.5430450303306207,0.23832251933449272,0.1360066810584838,0.3786421140339422,4.38053688860596,435125348,0.5600223048804996,14.452918957104073,actual
Sub-Saharan Africa,SSA,2007,823564883,3,0.5326971416247082,0.2294749906234735,0.12888024661482655,0.3598931678998278,4.444339204479049,438710659,0.5503852014307689,13.88720747013121,actual
Sub-Saharan Africa,SSA,2008,846656872,3,0.5190136715464292,0.21849593962197428,0.12058072278491631,0.33847324915612514,4.544049436463958,439426492,0.5385518165714005,13.309003155506673,actual
Sub-Saharan Africa,SSA,2009,870347292,3,0.5127097010673679,0.21539634029005053,0.1189053905409099,0.3340670481638208,4.563825535109488,446235500,0.5337556530886954,13.22936263220966,actual
Sub-Saharan Africa,SSA,2010,894666657,3,0.4960233763827393,0.2034177101248992,0.11043595823990947,0.31207613915949683,4.701863375896261,443775576,0.5208086955309343,12.675000992764563,actual
Sub-Saharan Africa,SSA,2011,919528126,3,0.4856121631755222,0.19616012162688606,0.1054217522487939,0.29916546755045076,4.764238734109393,446534042,0.5123324051048015,12.362809130847397,actual
Sub-Saharan Africa,SSA,2012,944970310,3,0.47415506566243776,0.1890173558919474,0.10068458380619806,0.2869110183122059,4.830618885540649,448062459,0.5038121387058578,12.075928116074248,actual
Sub-Saharan Africa,SSA,2013,971232906,3,0.46499149279423363,0.18424005583278924,0.09784299541840596,0.27937911854357833,4.891938660857987,451615039,0.498119120041868,11.902965605283523,actual
Sub-Saharan Africa,SSA,2014,997961037,3,0.4560032188827045,0.18052315226162122,0.0958923944371888,0.27398173180670954,4.9567888017788535,455073445,0.49214340048806676,11.779308068948428,actual
Sub-Saharan Africa,SSA,2015,1025251114,3,0.4567240595853537,0.18157138540711631,0.09672527306426326,0.27612096300344346,4.949537189048284,468256851,0.4934229823430321,11.835611585991646,actual
Sub-Saharan Africa,SSA,2016,1052824144,3,0.45555836914309283,0.1815875621572436,0.09702748050697567,0.276630115712183,4.945874877162003,479622850,0.49214764169643055,11.847660764644226,actual
Sub-Saharan Africa,SSA,2017,1080941647,3,0.45235349990925083,0.18058781214815914,0.09673602093158312,0.2755416702547406,4.95129362792793,488967737,0.49001342398567493,11.828189526501351,actual
Sub-Saharan Africa,SSA,2018,1109997000,3,0.4487153537412545,0.17892155615055405,0.09594257215736733,0.2732544410493957,4.962912776178883,498072697,0.48725491908289986,11.786978728493345,actual
Sub-Saharan Africa,SSA,2019,1139315618,3,0.4472949891170739,0.17887365816506787,0.0962407450952688,0.27388713526660097,4.9422595569427346,509610167,0.48640372263791765,11.826176330261701,actual
Sub-Saharan Africa,SSA,2020,1169015451,3,0.4622505798815056,0.18713336366089678,0.10167668235227972,0.28852543024869504,4.753163270578604,540378070,0.49595498761127504,12.242712862811247,projection
Sub-Saharan Africa,SSA,2021,1199011925,3,0.4610464200658749,0.1849492230452432,0.09992662311949402,0.28424142012410664,4.767922288104426,552800156,0.4947291469533712,12.143831539711735,projection
Sub-Saharan Africa,SSA,2022,1229208573,3,0.45457615271771823,0.18120379510624765,0.09751502640247219,0.27778363445876775,4.802573749541695,558768904,0.4901584774239268,11.978176958451064,projection
Sub-Saharan Africa,SSA,2023,1259902353,3,0.45184779643921374,0.17885333171266035,0.09580455599747004,0.27334726825569855,4.812490905884944,569284102,0.4878643543485764,11.863449487553401,projection
Sub-Saharan Africa,SSA,2024,1291059043,3,0.45134107793351413,0.17870106711653339,0.09586603227122548,0.2735806297133529,4.81665608171046,582707980,0.48634421755493773,11.877247966243932,nowcast
Sub-Saharan Africa,SSA,2025,1322798825,3,0.44388556382624916,0.1754769043851269,0.0941843760403186,0.2688195187598387,4.872455117959143,587171302,0.48150793039147394,11.75783781614146,nowcast
World,WLD,1981,4518388520,3,0.4735275998131485,0.225373949100853,0.13304381423867556,0.36067048414923675,11.805132948004335,2139581671,0.5376743904688729,12.69972156753148,actual
World,WLD,1982,4601045635,3,0.469657517636502,0.21775945578478048,0.1258508253604014,0.3433278836696125,11.877396371404211,2160915671,0.533770712274777,12.240519672491208,actual
World,WLD,1983,4684478171,3,0.4637268001158478,0.20840311954299226,0.11752306119964386,0.32337486635796964,11.927555836380085,2172318072,0.526700346973322,11.76051195378718,actual
World,WLD,1984,4767643709,3,0.4574639203706127,0.1949961542832066,0.10560078362952356,0.2953356063178819,12.118980684533957,2181024982,0.5199999870205279,11.102363968297706,actual
World,WLD,1985,4852396779,3,0.44955032661325794,0.1861975255344053,0.0991065362666784,0.27963415121127494,12.2378549749896,2181396557,0.5126180757975785,10.775070426476583,actual
World,WLD,1986,4939422718,3,0.4401806757920341,0.1791923274641119,0.09456774211304367,0.26823955058541005,12.613451310064532,2174238430,0.505927909191322,10.531376286923567,actual
World,WLD,1987,5028799531,3,0.43586906529280783,0.17426440112362684,0.0911121410851203,0.25991167877422666,12.77102400682709,2191898151,0.49972760846593517,10.401512807539637,actual
World,WLD,1988,5118998944,3,0.42345336523398047,0.16416963429420756,0.08420442096386757,0.2426635859680258,12.970736678887917,2167657329,0.48688127840562007,10.046959015028259,actual
World,WLD,1989,5209556024,3,0.4387197827365055,0.18011705967857292,0.09531553328151672,0.26958034921256296,13.091630896050109,2285535287,0.5022834098425977,10.55166779612081,actual
World,WLD,1990,5299246388,3,0.4362347160761859,0.177266670822798,0.09332525038789348,0.2647434638693312,12.96949687794424,2311715243,0.49935975981874536,10.473581264018147,actual
World,WLD,1991,5388495973,3,0.4330897239088755,0.1740417310661901,0.09115383018969848,0.25955477191084964,12.87529374503978,2333702233,0.49640029507256905,10.402722610944874,actual
World,WLD,1992,5477123965.5,3,0.4264671139036583,0.169519483732093,0.08838663525009302,0.25264973790351103,12.798497799520126,2335813250,0.48957118030988805,10.307368552670676,actual
World,WLD,1993,5564778620,3,0.42162753805279335,0.16585841198340626,0.08599698429496153,0.2466598263836136,12.763316818954578,2346263909,0.485634719227141,10.213736774556537,actual
World,WLD,1994,5650853176.5,3,0.4075180681078196,0.15431664896548233,0.07845902297262955,0.2278723072427539,12.919217541348136,2302824770,0.47162834761092537,9.85406399578429,actual
World,WLD,1995,5736505516,3,0.392999207060758,0.14522005405034275,0.07290623178372095,0.2132800766710175,13.195455986258823,2254442119,0.45716079162487333,9.52777907239598,actual
World,WLD,1996,5822614625.5,3,0.3799766024397891,0.13779731294170788,0.06855488114845928,0.2017768307996149,13.32920344477156,2212457323,0.4442782179129014,9.307059261948451,actual
World,WLD,1997,5908466556.5,3,0.37632500299598787,0.13733572968398047,0.0686152686175208,0.20146146868306813,13.499393198637183,2223503695,0.440462813596263,9.267804211451805,actual
World,WLD,1998,5994040063.5,3,0.3782143806639376,0.14007813525979923,0.07060662090211525,0.20617706906858616,13.677090791829157,2267032150,0.4419510119958407,9.350993528727203,actual
World,WLD,1999,6078404337,3,0.37296731963409424,0.1351906631649482,0.06734426651634351,0.1981667198351606,13.744452685153549,2267046173,0.43523914836783156,9.223723992622782,actual
World,WLD,2000,6161884825.5,3,0.36258646880754225,0.1305755777844822,0.06495108636193705,0.19155619447406974,14.078576835991166,2234216060,0.42620857805140766,9.053096504817974,actual
World,WLD,2001,6245109995.5,3,0.3532759725274058,0.12551326072715402,0.061878721669254844,0.18328465462799653,14.221265822818578,2206247307,0.41702537845312576,8.831878102317654,actual
World,WLD,2002,6327526596,3,0.3382347855068537,0.11730047498885644,0.05699207548291404,0.1700573693221129,14.407717982605625,2140189601,0.4029523019809788,8.504418977321178,actual
World,WLD,2003,6409664474,3,0.3232219278559546,0.10902680507052281,0.052113033347780016,0.1571372350474963,14.646819903791508,2071744108,0.3887184564625808,8.212085672702829,actual
World,WLD,2004,6492626975.5,3,0.3039030416552426,0.09965903927287315,0.04679165565136379,0.14265352115362753,14.959362866996678,1973129086,0.3763204300749644,7.849693200841762,actual
World,WLD,2005,6575644307.5,3,0.28426997142117605,0.09076590866410551,0.04207982518109304,0.12949070177632122,15.343822195629935,1869258219,0.36407151828010376,7.525354713229732,actual
World,WLD,2006,6659721142,3,0.27026848571995654,0.0854708467829971,0.03936878901531413,0.12138447342527411,15.766580882338154,1799912748,0.35544200957306427,7.262082013263055,actual
World,WLD,2007,6744171461.5,3,0.2534852612966667,0.07886904804006512,0.03596910711964171,0.11136824272484233,16.2873461799181,1709548065,0.3434980405094957,6.959670719613833,actual
World,WLD,2008,6830129091,3,0.24160344278947576,0.07435300387670263,0.0336454332574604,0.10449778478464082,16.449392466096082,1650182703,0.33606935944383565,6.750839153243342,actual
World,WLD,2009,6916129027,3,0.2306897304063654,0.07041868347886909,0.03179854045855024,0.09898522813693768,16.49956233194501,1595479941,0.3300723414886806,6.591631079517833,actual
World,WLD,2010,7000671233,3,0.2099202491819115,0.06319223753429251,0.028316662668416315,0.08860622685110844,16.668861573793915,1469582650,0.32006914428049227,6.284718487157759,actual
World,WLD,2011,7086201663.5,3,0.19143898096045506,0.056857337506004114,0.02541359510291855,0.07980125438262241,16.891279846109025,1356575225,0.31115557139528416,6.027868893971542,actual
World,WLD,2012,7175816385,3,0.17860125392520454,0.052551311356812146,0.023450932528621092,0.07568379383754234,17.12963236298402,1281609804,0.3050965584554743,5.830528786028647,actual
World,WLD,2013,7265314967,3,0.1548171591680317,0.04402621292644281,0.019616998162053405,0.06212334869072637,17.44002791479392,1124795424,0.29099755645817693,5.489167127805876,actual
World,WLD,2014,7353910925.5,3,0.14438817841645984,0.04150571340559046,0.01883306537144804,0.05915496770674263,17.71254369991758,1061817803,0.2847546820936352,5.361736337713971,actual
World,WLD,2015,7441471720.5,3,0.1333814148906158,0.03943254022252765,0.01831718427218922,0.06405550997646706,18.15613169690319,992554027,0.2792942708419808,5.225235028647486,actual
World,WLD,2016,7528523333.5,3,0.12481179679513381,0.0380387035383045,0.018123939531963684,0.06154205381699569,18.61435622259287,939648524,0.27553555516848577,5.125461107884778,actual
World,WLD,2017,7614113551.5,3,0.11723500007816799,0.03677592077567566,0.017888049273076807,0.05920477770907638,18.935824384647113,892640603,0.2714549744921551,5.032296237871073,actual
World,WLD,2018,7696494847.5,3,0.11059524825364404,0.03558836252631595,0.017573439148454603,0.0572680693292602,19.380485701279248,851195758,0.2659601289475557,4.92695532715033,actual
World,WLD,2019,7776892015,3,0.1069413821453702,0.03533682272254598,0.01764965726441776,0.05661085495382973,19.8889924924729,831671581,0.26236271179240633,4.865924004072114,projection
World,WLD,2020,7856138789.5,3,0.1122161476369193,0.03723329620078743,0.0186887874030411,0.05988406262580319,19.884841127037156,881585630,0.2612460694750628,4.970395787724278,actual
World,WLD,2021,7921184346,3,0.109672778103797,0.03693791791937876,0.018628079646532795,0.05937126225573137,20.62252672914513,868738293,0.25591159477298736,4.851938878419085,actual
World,WLD,2022,7989981519.5,3,0.10488340547071956,0.03601052150824787,0.018382798075586133,0.057941266065721864,20.6335594150853,838016471,0.2526955576818728,4.794348607032631,actual
World,WLD,2023,8061875779,3,0.10192861533532085,0.035412397671432595,0.018128221034667293,0.056550407206630904,21.130819053686608,821735835,0.2497505218916254,4.704267973691849,actual
World,WLD,2024,8130922887,3,0.10044863095686858,0.03543252122066807,0.018281788381537423,0.056378370749820786,21.457085632491307,816740072,0.24760756614495102,4.6574845490891486,nowcast
World,WLD,2025,8199966579,3,0.09856212602163456,0.03511351900437126,0.018214186741514822,0.05580777917097965,21.688161055038254,808206139,0.2464155127822752,4.604676620396854,nowcast
