"Date","Facebook","Instagram","YouTube","Twitter","Pinterest","LinkedIn","reddit","Tumblr","VKontakte","Other"
2024-08,63.46,28.67,6,0.92,0.59,0.18,0.18,0.01,0,0
2024-09,62.58,28.69,6.17,1.31,0.83,0.22,0.2,0.01,0,0.01
2024-10,65.72,25.88,5.33,1.54,1.1,0.19,0.23,0.01,0,0
2024-11,60.44,30.82,5.67,1.51,1.07,0.23,0.24,0.01,0.01,0
2024-12,52.52,36.04,6.32,2.67,1.72,0.32,0.34,0.03,0.02,0
2025-01,50.77,33.09,10.33,2.77,2.16,0.45,0.38,0.03,0.02,0
2025-02,54.74,33.36,6.59,2.39,2.03,0.44,0.34,0.09,0.01,0.01
2025-03,51.07,34.54,9.56,2.36,1.43,0.53,0.39,0.1,0.02,0
2025-04,51.46,32.02,10.1,4.35,1.14,0.54,0.31,0.05,0.01,0.01
2025-05,47.73,36.75,9.08,4.09,1.2,0.63,0.41,0.08,0.02,0
2025-06,49,38.55,7.87,2.49,0.93,0.6,0.46,0.09,0.02,0
2025-07,52.52,40.31,4.61,1.48,0.49,0.33,0.21,0.04,0.01,0
2025-08,48.01,39.18,8.38,2.79,0.89,0.51,0.15,0.04,0.02,0.02
