{
  "chart": {
    "title": "Median age",
    "subtitle": "The median age splits the population into two equal groups, with as many people older than it as people younger than it. Future projections are based on the [UN medium scenario](#dod:un-projection-scenarios).",
    "citation": "UN, World Population Prospects (2024)",
    "originalChartUrl": "https://ourworldindata.org/grapher/median-age?v=1&csvType=full&useColumnShortNames=false",
    "selection": [
      "World",
      "China",
      "Japan",
      "India",
      "Brazil",
      "Russia",
      "United Kingdom",
      "United States",
      "Nigeria"
    ]
  },
  "columns": {
    "Median age - Sex: all - Age: all - Variant: estimates": {
      "titleShort": "Median age, total",
      "titleLong": "Median age, total - UN WPP",
      "descriptionShort": "Age that divides the population in two parts of equal size, that is, there are as many persons with ages above the median as there are with ages below the median.",
      "unit": "years",
      "timespan": "1950-2023",
      "type": "Numeric",
      "owidVariableId": 950958,
      "shortName": "median_age__sex_all__age_all__variant_estimates",
      "lastUpdated": "2024-07-12",
      "citationShort": "UN, World Population Prospects (2024) – processed by Our World in Data",
      "citationLong": "UN, World Population Prospects (2024) – processed by Our World in Data. “Median age, total – UN WPP” [dataset]. United Nations, “World Population Prospects” [original data].",
      "fullMetadata": "https://api.ourworldindata.org/v1/indicators/950958.metadata.json"
    },
    "Median age - Sex: all - Age: all - Variant: medium": {
      "titleShort": "Median age, medium projection",
      "titleLong": "Median age, medium projection - UN WPP",
      "descriptionShort": "Age that divides the population in two parts of equal size, that is, there are as many persons with ages above the median as there are with ages below the median.  Projections from 2024 onwards are based on the UN's medium scenario.",
      "unit": "years",
      "timespan": "2024-2100",
      "type": "Numeric",
      "owidVariableId": 950961,
      "shortName": "median_age__sex_all__age_all__variant_medium",
      "lastUpdated": "2024-07-12",
      "citationShort": "UN, World Population Prospects (2024) – processed by Our World in Data",
      "citationLong": "UN, World Population Prospects (2024) – processed by Our World in Data. “Median age, medium projection – UN WPP” [dataset]. United Nations, “World Population Prospects” [original data].",
      "fullMetadata": "https://api.ourworldindata.org/v1/indicators/950961.metadata.json"
    }
  },
  "dateDownloaded": "2025-09-03",
  "activeFilters": {}
}